epoch_id,true_label,llm_stage,llm_pred,agent_stage,agent_pred,agent_confidence,agent_just,was_overridden,override_reason,tool_features,tool_neighbors
0,2,N2,2,N2,2,0.75,"Base score (N2) confirmed. Features: delta=1.796, spindle=0.306, eog=0.107, emg=0.164. Consistent with AASM N2 criteria.",False,,"{""epoch_id"": 0, ""delta_power"": 1.796, ""theta_power"": 1.0348, ""alpha_power"": 0.3132, ""beta_power"": 0.1786, ""spindle_ratio"": 0.306, ""eog_variance"": 0.1071, ""emg_variance"": 0.1643, ""signal_entropy"": 2.9313}","{""target_epoch"": 0, ""neighbor_stages"": {""epoch_1"": ""REM"", ""epoch_2"": ""N3"", ""epoch_3"": ""N2""}, ""dominant_neighbor_stage"": ""N3""}"
1,4,REM,4,REM,4,0.75,"Base score (REM) confirmed. Features: delta=0.683, spindle=0.089, eog=1.593, emg=0.056. Consistent with AASM REM criteria.",False,,"{""epoch_id"": 1, ""delta_power"": 0.683, ""theta_power"": 2.0125, ""alpha_power"": 0.4695, ""beta_power"": 0.2631, ""spindle_ratio"": 0.0889, ""eog_variance"": 1.5929, ""emg_variance"": 0.0562, ""signal_entropy"": 3.6794}","{""target_epoch"": 1, ""neighbor_stages"": {""epoch_0"": ""N2"", ""epoch_2"": ""N3"", ""epoch_3"": ""N2"", ""epoch_4"": ""N1""}, ""dominant_neighbor_stage"": ""N2""}"
2,3,N3,3,N3,3,0.75,"Base score (N3) confirmed. Features: delta=7.705, spindle=0.048, eog=0.053, emg=0.104. Consistent with AASM N3 criteria.",False,,"{""epoch_id"": 2, ""delta_power"": 7.7055, ""theta_power"": 0.4435, ""alpha_power"": 0.0867, ""beta_power"": 0.0439, ""spindle_ratio"": 0.0477, ""eog_variance"": 0.0526, ""emg_variance"": 0.1042, ""signal_entropy"": 2.3654}","{""target_epoch"": 2, ""neighbor_stages"": {""epoch_0"": ""N2"", ""epoch_1"": ""REM"", ""epoch_3"": ""N2"", ""epoch_4"": ""N1"", ""epoch_5"": ""N1""}, ""dominant_neighbor_stage"": ""N1""}"
3,2,N2,2,N2,2,0.75,"Base score (N2) confirmed. Features: delta=2.004, spindle=0.269, eog=0.087, emg=0.168. Consistent with AASM N2 criteria.",False,,"{""epoch_id"": 3, ""delta_power"": 2.0039, ""theta_power"": 1.218, ""alpha_power"": 0.2881, ""beta_power"": 0.2816, ""spindle_ratio"": 0.2688, ""eog_variance"": 0.0871, ""emg_variance"": 0.1679, ""signal_entropy"": 2.8965}","{""target_epoch"": 3, ""neighbor_stages"": {""epoch_0"": ""N2"", ""epoch_1"": ""REM"", ""epoch_2"": ""N3"", ""epoch_4"": ""N1"", ""epoch_5"": ""N1"", ""epoch_6"": ""Wake""}, ""dominant_neighbor_stage"": ""N1""}"
4,1,N1,1,N1,1,0.75,"Base score (N1) confirmed. Features: delta=0.967, spindle=0.055, eog=0.232, emg=0.467. Consistent with AASM N1 criteria.",False,,"{""epoch_id"": 4, ""delta_power"": 0.9665, ""theta_power"": 2.2142, ""alpha_power"": 0.8568, ""beta_power"": 0.2967, ""spindle_ratio"": 0.0546, ""eog_variance"": 0.2318, ""emg_variance"": 0.4665, ""signal_entropy"": 3.3713}","{""target_epoch"": 4, ""neighbor_stages"": {""epoch_1"": ""REM"", ""epoch_2"": ""N3"", ""epoch_3"": ""N2"", ""epoch_5"": ""N1"", ""epoch_6"": ""Wake"", ""epoch_7"": ""REM""}, ""dominant_neighbor_stage"": ""REM""}"
5,1,N1,1,N1,1,0.75,"Base score (N1) confirmed. Features: delta=1.032, spindle=0.053, eog=0.307, emg=0.504. Consistent with AASM N1 criteria.",False,,"{""epoch_id"": 5, ""delta_power"": 1.0321, ""theta_power"": 1.6263, ""alpha_power"": 0.8208, ""beta_power"": 0.3173, ""spindle_ratio"": 0.0535, ""eog_variance"": 0.3069, ""emg_variance"": 0.5044, ""signal_entropy"": 2.9714}","{""target_epoch"": 5, ""neighbor_stages"": {""epoch_2"": ""N3"", ""epoch_3"": ""N2"", ""epoch_4"": ""N1"", ""epoch_6"": ""Wake"", ""epoch_7"": ""REM"", ""epoch_8"": ""N2""}, ""dominant_neighbor_stage"": ""N2""}"
6,0,Wake,0,Wake,0,0.75,"Base score (Wake) confirmed. Features: delta=0.527, spindle=0.009, eog=0.688, emg=1.616. Consistent with AASM Wake criteria.",False,,"{""epoch_id"": 6, ""delta_power"": 0.5268, ""theta_power"": 0.3252, ""alpha_power"": 2.3249, ""beta_power"": 1.7371, ""spindle_ratio"": 0.0087, ""eog_variance"": 0.6875, ""emg_variance"": 1.6159, ""signal_entropy"": 3.6028}","{""target_epoch"": 6, ""neighbor_stages"": {""epoch_3"": ""N2"", ""epoch_4"": ""N1"", ""epoch_5"": ""N1"", ""epoch_7"": ""REM"", ""epoch_8"": ""N2"", ""epoch_9"": ""N3""}, ""dominant_neighbor_stage"": ""N1""}"
7,4,REM,4,REM,4,0.75,"Base score (REM) confirmed. Features: delta=0.862, spindle=0.089, eog=1.647, emg=0.048. Consistent with AASM REM criteria.",False,,"{""epoch_id"": 7, ""delta_power"": 0.8618, ""theta_power"": 2.8402, ""alpha_power"": 0.4343, ""beta_power"": 0.3511, ""spindle_ratio"": 0.0886, ""eog_variance"": 1.6466, ""emg_variance"": 0.0476, ""signal_entropy"": 3.4518}","{""target_epoch"": 7, ""neighbor_stages"": {""epoch_4"": ""N1"", ""epoch_5"": ""N1"", ""epoch_6"": ""Wake"", ""epoch_8"": ""N2"", ""epoch_9"": ""N3"", ""epoch_10"": ""Wake""}, ""dominant_neighbor_stage"": ""N1""}"
8,2,N2,2,N2,2,0.75,"Base score (N2) confirmed. Features: delta=1.768, spindle=0.319, eog=0.072, emg=0.221. Consistent with AASM N2 criteria.",False,,"{""epoch_id"": 8, ""delta_power"": 1.7682, ""theta_power"": 0.9645, ""alpha_power"": 0.2782, ""beta_power"": 0.2025, ""spindle_ratio"": 0.3194, ""eog_variance"": 0.072, ""emg_variance"": 0.2206, ""signal_entropy"": 2.4775}","{""target_epoch"": 8, ""neighbor_stages"": {""epoch_5"": ""N1"", ""epoch_6"": ""Wake"", ""epoch_7"": ""REM"", ""epoch_9"": ""N3"", ""epoch_10"": ""Wake"", ""epoch_11"": ""REM""}, ""dominant_neighbor_stage"": ""REM""}"
9,3,N3,3,N3,3,0.75,"Base score (N3) confirmed. Features: delta=7.434, spindle=0.029, eog=0.055, emg=0.089. Consistent with AASM N3 criteria.",False,,"{""epoch_id"": 9, ""delta_power"": 7.4337, ""theta_power"": 0.5817, ""alpha_power"": 0.101, ""beta_power"": 0.0419, ""spindle_ratio"": 0.0285, ""eog_variance"": 0.0551, ""emg_variance"": 0.089, ""signal_entropy"": 2.2433}","{""target_epoch"": 9, ""neighbor_stages"": {""epoch_6"": ""Wake"", ""epoch_7"": ""REM"", ""epoch_8"": ""N2"", ""epoch_10"": ""Wake"", ""epoch_11"": ""REM"", ""epoch_12"": ""REM""}, ""dominant_neighbor_stage"": ""REM""}"
10,0,Wake,0,Wake,0,0.75,"Base score (Wake) confirmed. Features: delta=0.503, spindle=0.000, eog=0.822, emg=1.351. Consistent with AASM Wake criteria.",False,,"{""epoch_id"": 10, ""delta_power"": 0.5034, ""theta_power"": 0.2707, ""alpha_power"": 2.6432, ""beta_power"": 1.6426, ""spindle_ratio"": 0.0, ""eog_variance"": 0.8224, ""emg_variance"": 1.3511, ""signal_entropy"": 3.6705}","{""target_epoch"": 10, ""neighbor_stages"": {""epoch_7"": ""REM"", ""epoch_8"": ""N2"", ""epoch_9"": ""N3"", ""epoch_11"": ""REM"", ""epoch_12"": ""REM"", ""epoch_13"": ""N2""}, ""dominant_neighbor_stage"": ""REM""}"
11,4,REM,4,REM,4,0.75,"Base score (REM) confirmed. Features: delta=0.705, spindle=0.024, eog=1.425, emg=0.046. Consistent with AASM REM criteria.",False,,"{""epoch_id"": 11, ""delta_power"": 0.7049, ""theta_power"": 1.769, ""alpha_power"": 0.4303, ""beta_power"": 0.339, ""spindle_ratio"": 0.024, ""eog_variance"": 1.4247, ""emg_variance"": 0.0464, ""signal_entropy"": 3.1693}","{""target_epoch"": 11, ""neighbor_stages"": {""epoch_8"": ""N2"", ""epoch_9"": ""N3"", ""epoch_10"": ""Wake"", ""epoch_12"": ""REM"", ""epoch_13"": ""N2"", ""epoch_14"": ""N1""}, ""dominant_neighbor_stage"": ""N2""}"
12,4,REM,4,REM,4,0.75,"Base score (REM) confirmed. Features: delta=1.012, spindle=0.124, eog=1.732, emg=0.039. Consistent with AASM REM criteria.",False,,"{""epoch_id"": 12, ""delta_power"": 1.0119, ""theta_power"": 1.9093, ""alpha_power"": 0.3243, ""beta_power"": 0.3413, ""spindle_ratio"": 0.1237, ""eog_variance"": 1.7323, ""emg_variance"": 0.0386, ""signal_entropy"": 3.2032}","{""target_epoch"": 12, ""neighbor_stages"": {""epoch_9"": ""N3"", ""epoch_10"": ""Wake"", ""epoch_11"": ""REM"", ""epoch_13"": ""N2"", ""epoch_14"": ""N1"", ""epoch_15"": ""N1""}, ""dominant_neighbor_stage"": ""N1""}"
13,2,N2,2,N2,2,0.75,"Base score (N2) confirmed. Features: delta=2.380, spindle=0.222, eog=0.099, emg=0.103. Consistent with AASM N2 criteria.",False,,"{""epoch_id"": 13, ""delta_power"": 2.3801, ""theta_power"": 0.8938, ""alpha_power"": 0.32, ""beta_power"": 0.2232, ""spindle_ratio"": 0.2222, ""eog_variance"": 0.0991, ""emg_variance"": 0.1028, ""signal_entropy"": 2.5951}","{""target_epoch"": 13, ""neighbor_stages"": {""epoch_10"": ""Wake"", ""epoch_11"": ""REM"", ""epoch_12"": ""REM"", ""epoch_14"": ""N1"", ""epoch_15"": ""N1"", ""epoch_16"": ""N2""}, ""dominant_neighbor_stage"": ""REM""}"
14,1,N1,1,N1,1,0.75,"Base score (N1) confirmed. Features: delta=0.962, spindle=0.067, eog=0.306, emg=0.608. Consistent with AASM N1 criteria.",False,,"{""epoch_id"": 14, ""delta_power"": 0.9621, ""theta_power"": 1.6257, ""alpha_power"": 0.9959, ""beta_power"": 0.2356, ""spindle_ratio"": 0.0668, ""eog_variance"": 0.3059, ""emg_variance"": 0.6081, ""signal_entropy"": 2.9128}","{""target_epoch"": 14, ""neighbor_stages"": {""epoch_11"": ""REM"", ""epoch_12"": ""REM"", ""epoch_13"": ""N2"", ""epoch_15"": ""N1"", ""epoch_16"": ""N2"", ""epoch_17"": ""N2""}, ""dominant_neighbor_stage"": ""N2""}"
15,1,N1,1,N1,1,0.75,"Base score (N1) confirmed. Features: delta=1.175, spindle=0.086, eog=0.273, emg=0.505. Consistent with AASM N1 criteria.",False,,"{""epoch_id"": 15, ""delta_power"": 1.1745, ""theta_power"": 2.0031, ""alpha_power"": 0.6822, ""beta_power"": 0.3208, ""spindle_ratio"": 0.086, ""eog_variance"": 0.273, ""emg_variance"": 0.5052, ""signal_entropy"": 3.1229}","{""target_epoch"": 15, ""neighbor_stages"": {""epoch_12"": ""REM"", ""epoch_13"": ""N2"", ""epoch_14"": ""N1"", ""epoch_16"": ""N2"", ""epoch_17"": ""N2"", ""epoch_18"": ""N2""}, ""dominant_neighbor_stage"": ""N2""}"
16,2,N2,2,N2,2,0.75,"Base score (N2) confirmed. Features: delta=2.034, spindle=0.314, eog=0.071, emg=0.195. Consistent with AASM N2 criteria.",False,,"{""epoch_id"": 16, ""delta_power"": 2.0341, ""theta_power"": 1.0993, ""alpha_power"": 0.3714, ""beta_power"": 0.1629, ""spindle_ratio"": 0.314, ""eog_variance"": 0.0707, ""emg_variance"": 0.1954, ""signal_entropy"": 2.9177}","{""target_epoch"": 16, ""neighbor_stages"": {""epoch_13"": ""N2"", ""epoch_14"": ""N1"", ""epoch_15"": ""N1"", ""epoch_17"": ""N2"", ""epoch_18"": ""N2"", ""epoch_19"": ""N2""}, ""dominant_neighbor_stage"": ""N2""}"
17,2,N2,2,N2,2,0.75,"Base score (N2) confirmed. Features: delta=2.084, spindle=0.232, eog=0.113, emg=0.211. Consistent with AASM N2 criteria.",False,,"{""epoch_id"": 17, ""delta_power"": 2.0843, ""theta_power"": 0.9066, ""alpha_power"": 0.2906, ""beta_power"": 0.1852, ""spindle_ratio"": 0.2323, ""eog_variance"": 0.1127, ""emg_variance"": 0.2107, ""signal_entropy"": 2.6614}","{""target_epoch"": 17, ""neighbor_stages"": {""epoch_14"": ""N1"", ""epoch_15"": ""N1"", ""epoch_16"": ""N2"", ""epoch_18"": ""N2"", ""epoch_19"": ""N2"", ""epoch_20"": ""N2""}, ""dominant_neighbor_stage"": ""N2""}"
18,2,N2,2,N2,2,0.75,"Base score (N2) confirmed. Features: delta=2.270, spindle=0.225, eog=0.092, emg=0.222. Consistent with AASM N2 criteria.",False,,"{""epoch_id"": 18, ""delta_power"": 2.2699, ""theta_power"": 1.0461, ""alpha_power"": 0.3366, ""beta_power"": 0.2189, ""spindle_ratio"": 0.2251, ""eog_variance"": 0.0916, ""emg_variance"": 0.2224, ""signal_entropy"": 2.9221}","{""target_epoch"": 18, ""neighbor_stages"": {""epoch_15"": ""N1"", ""epoch_16"": ""N2"", ""epoch_17"": ""N2"", ""epoch_19"": ""N2"", ""epoch_20"": ""N2"", ""epoch_21"": ""Wake""}, ""dominant_neighbor_stage"": ""N2""}"
19,2,N2,2,N2,2,0.75,"Base score (N2) confirmed. Features: delta=1.994, spindle=0.266, eog=0.097, emg=0.194. Consistent with AASM N2 criteria.",False,,"{""epoch_id"": 19, ""delta_power"": 1.9937, ""theta_power"": 1.0176, ""alpha_power"": 0.3575, ""beta_power"": 0.1823, ""spindle_ratio"": 0.2664, ""eog_variance"": 0.097, ""emg_variance"": 0.1935, ""signal_entropy"": 3.0198}","{""target_epoch"": 19, ""neighbor_stages"": {""epoch_16"": ""N2"", ""epoch_17"": ""N2"", ""epoch_18"": ""N2"", ""epoch_20"": ""N2"", ""epoch_21"": ""Wake"", ""epoch_22"": ""N2""}, ""dominant_neighbor_stage"": ""N2""}"
20,2,N2,2,N2,2,0.75,"Base score (N2) confirmed. Features: delta=2.248, spindle=0.271, eog=0.095, emg=0.210. Consistent with AASM N2 criteria.",False,,"{""epoch_id"": 20, ""delta_power"": 2.2476, ""theta_power"": 1.122, ""alpha_power"": 0.3587, ""beta_power"": 0.2006, ""spindle_ratio"": 0.2705, ""eog_variance"": 0.0953, ""emg_variance"": 0.2097, ""signal_entropy"": 2.774}","{""target_epoch"": 20, ""neighbor_stages"": {""epoch_17"": ""N2"", ""epoch_18"": ""N2"", ""epoch_19"": ""N2"", ""epoch_21"": ""Wake"", ""epoch_22"": ""N2"", ""epoch_23"": ""N2""}, ""dominant_neighbor_stage"": ""N2""}"
21,0,Wake,0,Wake,0,0.75,"Base score (Wake) confirmed. Features: delta=0.507, spindle=0.020, eog=0.654, emg=1.761. Consistent with AASM Wake criteria.",False,,"{""epoch_id"": 21, ""delta_power"": 0.5073, ""theta_power"": 0.3268, ""alpha_power"": 1.7545, ""beta_power"": 1.9708, ""spindle_ratio"": 0.0198, ""eog_variance"": 0.6543, ""emg_variance"": 1.7606, ""signal_entropy"": 3.6583}","{""target_epoch"": 21, ""neighbor_stages"": {""epoch_18"": ""N2"", ""epoch_19"": ""N2"", ""epoch_20"": ""N2"", ""epoch_22"": ""N2"", ""epoch_23"": ""N2"", ""epoch_24"": ""N2""}, ""dominant_neighbor_stage"": ""N2""}"
22,2,N2,2,N2,2,0.75,"Base score (N2) confirmed. Features: delta=2.187, spindle=0.252, eog=0.090, emg=0.229. Consistent with AASM N2 criteria.",False,,"{""epoch_id"": 22, ""delta_power"": 2.1872, ""theta_power"": 1.0943, ""alpha_power"": 0.2994, ""beta_power"": 0.1731, ""spindle_ratio"": 0.2523, ""eog_variance"": 0.0898, ""emg_variance"": 0.2293, ""signal_entropy"": 2.7706}","{""target_epoch"": 22, ""neighbor_stages"": {""epoch_19"": ""N2"", ""epoch_20"": ""N2"", ""epoch_21"": ""Wake"", ""epoch_23"": ""N2"", ""epoch_24"": ""N2"", ""epoch_25"": ""N3""}, ""dominant_neighbor_stage"": ""N2""}"
23,2,N2,2,N2,2,0.75,"Base score (N2) confirmed. Features: delta=1.752, spindle=0.225, eog=0.104, emg=0.207. Consistent with AASM N2 criteria.",False,,"{""epoch_id"": 23, ""delta_power"": 1.7524, ""theta_power"": 0.9518, ""alpha_power"": 0.3186, ""beta_power"": 0.1831, ""spindle_ratio"": 0.2253, ""eog_variance"": 0.1037, ""emg_variance"": 0.2073, ""signal_entropy"": 2.6986}","{""target_epoch"": 23, ""neighbor_stages"": {""epoch_20"": ""N2"", ""epoch_21"": ""Wake"", ""epoch_22"": ""N2"", ""epoch_24"": ""N2"", ""epoch_25"": ""N3"", ""epoch_26"": ""N1""}, ""dominant_neighbor_stage"": ""N2""}"
24,2,N2,2,N2,2,0.75,"Base score (N2) confirmed. Features: delta=1.859, spindle=0.228, eog=0.097, emg=0.209. Consistent with AASM N2 criteria.",False,,"{""epoch_id"": 24, ""delta_power"": 1.8587, ""theta_power"": 1.0348, ""alpha_power"": 0.2348, ""beta_power"": 0.1578, ""spindle_ratio"": 0.2284, ""eog_variance"": 0.0968, ""emg_variance"": 0.2093, ""signal_entropy"": 3.0951}","{""target_epoch"": 24, ""neighbor_stages"": {""epoch_21"": ""Wake"", ""epoch_22"": ""N2"", ""epoch_23"": ""N2"", ""epoch_25"": ""N3"", ""epoch_26"": ""N1"", ""epoch_27"": ""N2""}, ""dominant_neighbor_stage"": ""N2""}"
25,3,N3,3,N3,3,0.75,"Base score (N3) confirmed. Features: delta=9.029, spindle=0.049, eog=0.048, emg=0.105. Consistent with AASM N3 criteria.",False,,"{""epoch_id"": 25, ""delta_power"": 9.0292, ""theta_power"": 0.488, ""alpha_power"": 0.0997, ""beta_power"": 0.0425, ""spindle_ratio"": 0.0494, ""eog_variance"": 0.0478, ""emg_variance"": 0.1048, ""signal_entropy"": 2.0346}","{""target_epoch"": 25, ""neighbor_stages"": {""epoch_22"": ""N2"", ""epoch_23"": ""N2"", ""epoch_24"": ""N2"", ""epoch_26"": ""N1"", ""epoch_27"": ""N2"", ""epoch_28"": ""N2""}, ""dominant_neighbor_stage"": ""N2""}"
26,1,N1,1,N1,1,0.75,"Base score (N1) confirmed. Features: delta=1.078, spindle=0.101, eog=0.282, emg=0.517. Consistent with AASM N1 criteria.",False,,"{""epoch_id"": 26, ""delta_power"": 1.0779, ""theta_power"": 2.4598, ""alpha_power"": 0.7869, ""beta_power"": 0.3181, ""spindle_ratio"": 0.1007, ""eog_variance"": 0.2819, ""emg_variance"": 0.5168, ""signal_entropy"": 3.2025}","{""target_epoch"": 26, ""neighbor_stages"": {""epoch_23"": ""N2"", ""epoch_24"": ""N2"", ""epoch_25"": ""N3"", ""epoch_27"": ""N2"", ""epoch_28"": ""N2"", ""epoch_29"": ""Wake""}, ""dominant_neighbor_stage"": ""N2""}"
27,2,N2,2,N2,2,0.75,"Base score (N2) confirmed. Features: delta=2.029, spindle=0.293, eog=0.114, emg=0.265. Consistent with AASM N2 criteria.",False,,"{""epoch_id"": 27, ""delta_power"": 2.0293, ""theta_power"": 0.884, ""alpha_power"": 0.3011, ""beta_power"": 0.2149, ""spindle_ratio"": 0.2935, ""eog_variance"": 0.1144, ""emg_variance"": 0.2646, ""signal_entropy"": 2.6465}","{""target_epoch"": 27, ""neighbor_stages"": {""epoch_24"": ""N2"", ""epoch_25"": ""N3"", ""epoch_26"": ""N1"", ""epoch_28"": ""N2"", ""epoch_29"": ""Wake"", ""epoch_30"": ""N2""}, ""dominant_neighbor_stage"": ""N2""}"
28,2,N2,2,N2,2,0.75,"Base score (N2) confirmed. Features: delta=2.262, spindle=0.225, eog=0.091, emg=0.136. Consistent with AASM N2 criteria.",False,,"{""epoch_id"": 28, ""delta_power"": 2.2617, ""theta_power"": 1.0275, ""alpha_power"": 0.3985, ""beta_power"": 0.1758, ""spindle_ratio"": 0.2248, ""eog_variance"": 0.091, ""emg_variance"": 0.1363, ""signal_entropy"": 2.6948}","{""target_epoch"": 28, ""neighbor_stages"": {""epoch_25"": ""N3"", ""epoch_26"": ""N1"", ""epoch_27"": ""N2"", ""epoch_29"": ""Wake"", ""epoch_30"": ""N2"", ""epoch_31"": ""N1""}, ""dominant_neighbor_stage"": ""N1""}"
29,0,Wake,0,Wake,0,0.75,"Base score (Wake) confirmed. Features: delta=0.443, spindle=0.079, eog=0.731, emg=1.298. Consistent with AASM Wake criteria.",False,,"{""epoch_id"": 29, ""delta_power"": 0.4431, ""theta_power"": 0.3068, ""alpha_power"": 2.1025, ""beta_power"": 1.9221, ""spindle_ratio"": 0.0785, ""eog_variance"": 0.7308, ""emg_variance"": 1.2979, ""signal_entropy"": 3.5984}","{""target_epoch"": 29, ""neighbor_stages"": {""epoch_26"": ""N1"", ""epoch_27"": ""N2"", ""epoch_28"": ""N2"", ""epoch_30"": ""N2"", ""epoch_31"": ""N1"", ""epoch_32"": ""Wake""}, ""dominant_neighbor_stage"": ""N2""}"
30,2,N2,2,N2,2,0.75,"Base score (N2) confirmed. Features: delta=1.604, spindle=0.199, eog=0.120, emg=0.197. Consistent with AASM N2 criteria.",False,,"{""epoch_id"": 30, ""delta_power"": 1.6039, ""theta_power"": 1.2747, ""alpha_power"": 0.3531, ""beta_power"": 0.1859, ""spindle_ratio"": 0.1986, ""eog_variance"": 0.1203, ""emg_variance"": 0.1966, ""signal_entropy"": 3.0476}","{""target_epoch"": 30, ""neighbor_stages"": {""epoch_27"": ""N2"", ""epoch_28"": ""N2"", ""epoch_29"": ""Wake"", ""epoch_31"": ""N1"", ""epoch_32"": ""Wake"", ""epoch_33"": ""REM""}, ""dominant_neighbor_stage"": ""N2""}"
31,1,N1,1,N1,1,0.75,"Base score (N1) confirmed. Features: delta=0.761, spindle=0.067, eog=0.328, emg=0.420. Consistent with AASM N1 criteria.",False,,"{""epoch_id"": 31, ""delta_power"": 0.7608, ""theta_power"": 1.8202, ""alpha_power"": 0.8006, ""beta_power"": 0.3021, ""spindle_ratio"": 0.0665, ""eog_variance"": 0.328, ""emg_variance"": 0.4199, ""signal_entropy"": 3.1715}","{""target_epoch"": 31, ""neighbor_stages"": {""epoch_28"": ""N2"", ""epoch_29"": ""Wake"", ""epoch_30"": ""N2"", ""epoch_32"": ""Wake"", ""epoch_33"": ""REM"", ""epoch_34"": ""REM""}, ""dominant_neighbor_stage"": ""REM""}"
32,0,Wake,0,Wake,0,0.75,"Base score (Wake) confirmed. Features: delta=0.509, spindle=0.004, eog=0.953, emg=1.575. Consistent with AASM Wake criteria.",False,,"{""epoch_id"": 32, ""delta_power"": 0.509, ""theta_power"": 0.3231, ""alpha_power"": 2.2135, ""beta_power"": 1.247, ""spindle_ratio"": 0.004, ""eog_variance"": 0.9533, ""emg_variance"": 1.5748, ""signal_entropy"": 3.3503}","{""target_epoch"": 32, ""neighbor_stages"": {""epoch_29"": ""Wake"", ""epoch_30"": ""N2"", ""epoch_31"": ""N1"", ""epoch_33"": ""REM"", ""epoch_34"": ""REM"", ""epoch_35"": ""REM""}, ""dominant_neighbor_stage"": ""REM""}"
33,4,REM,4,REM,4,0.75,"Base score (REM) confirmed. Features: delta=0.986, spindle=0.122, eog=1.895, emg=0.048. Consistent with AASM REM criteria.",False,,"{""epoch_id"": 33, ""delta_power"": 0.9861, ""theta_power"": 1.8312, ""alpha_power"": 0.4708, ""beta_power"": 0.303, ""spindle_ratio"": 0.1218, ""eog_variance"": 1.895, ""emg_variance"": 0.0481, ""signal_entropy"": 3.4943}","{""target_epoch"": 33, ""neighbor_stages"": {""epoch_30"": ""N2"", ""epoch_31"": ""N1"", ""epoch_32"": ""Wake"", ""epoch_34"": ""REM"", ""epoch_35"": ""REM"", ""epoch_36"": ""N2""}, ""dominant_neighbor_stage"": ""REM""}"
34,4,REM,4,REM,4,0.75,"Base score (REM) confirmed. Features: delta=0.877, spindle=0.092, eog=1.104, emg=0.041. Consistent with AASM REM criteria.",False,,"{""epoch_id"": 34, ""delta_power"": 0.8774, ""theta_power"": 2.1695, ""alpha_power"": 0.3421, ""beta_power"": 0.3309, ""spindle_ratio"": 0.0918, ""eog_variance"": 1.1043, ""emg_variance"": 0.0411, ""signal_entropy"": 2.8922}","{""target_epoch"": 34, ""neighbor_stages"": {""epoch_31"": ""N1"", ""epoch_32"": ""Wake"", ""epoch_33"": ""REM"", ""epoch_35"": ""REM"", ""epoch_36"": ""N2"", ""epoch_37"": ""Wake""}, ""dominant_neighbor_stage"": ""REM""}"
35,4,REM,4,REM,4,0.75,"Base score (REM) confirmed. Features: delta=0.768, spindle=0.109, eog=1.190, emg=0.037. Consistent with AASM REM criteria.",False,,"{""epoch_id"": 35, ""delta_power"": 0.7677, ""theta_power"": 1.9937, ""alpha_power"": 0.4901, ""beta_power"": 0.3033, ""spindle_ratio"": 0.1089, ""eog_variance"": 1.1895, ""emg_variance"": 0.0372, ""signal_entropy"": 3.2889}","{""target_epoch"": 35, ""neighbor_stages"": {""epoch_32"": ""Wake"", ""epoch_33"": ""REM"", ""epoch_34"": ""REM"", ""epoch_36"": ""N2"", ""epoch_37"": ""Wake"", ""epoch_38"": ""N3""}, ""dominant_neighbor_stage"": ""REM""}"
36,2,N2,2,N2,2,0.75,"Base score (N2) confirmed. Features: delta=2.115, spindle=0.211, eog=0.110, emg=0.211. Consistent with AASM N2 criteria.",False,,"{""epoch_id"": 36, ""delta_power"": 2.1152, ""theta_power"": 0.9951, ""alpha_power"": 0.207, ""beta_power"": 0.1973, ""spindle_ratio"": 0.2109, ""eog_variance"": 0.11, ""emg_variance"": 0.211, ""signal_entropy"": 2.612}","{""target_epoch"": 36, ""neighbor_stages"": {""epoch_33"": ""REM"", ""epoch_34"": ""REM"", ""epoch_35"": ""REM"", ""epoch_37"": ""Wake"", ""epoch_38"": ""N3"", ""epoch_39"": ""N2""}, ""dominant_neighbor_stage"": ""REM""}"
37,0,Wake,0,Wake,0,0.75,"Base score (Wake) confirmed. Features: delta=0.462, spindle=0.020, eog=0.861, emg=1.381. Consistent with AASM Wake criteria.",False,,"{""epoch_id"": 37, ""delta_power"": 0.4615, ""theta_power"": 0.2523, ""alpha_power"": 1.9812, ""beta_power"": 1.7149, ""spindle_ratio"": 0.0204, ""eog_variance"": 0.8605, ""emg_variance"": 1.3807, ""signal_entropy"": 3.3414}","{""target_epoch"": 37, ""neighbor_stages"": {""epoch_34"": ""REM"", ""epoch_35"": ""REM"", ""epoch_36"": ""N2"", ""epoch_38"": ""N3"", ""epoch_39"": ""N2"", ""epoch_40"": ""Wake""}, ""dominant_neighbor_stage"": ""N2""}"
38,3,N3,3,N3,3,0.75,"Base score (N3) confirmed. Features: delta=7.872, spindle=0.109, eog=0.050, emg=0.089. Consistent with AASM N3 criteria.",False,,"{""epoch_id"": 38, ""delta_power"": 7.8716, ""theta_power"": 0.4224, ""alpha_power"": 0.0917, ""beta_power"": 0.041, ""spindle_ratio"": 0.1089, ""eog_variance"": 0.0503, ""emg_variance"": 0.0895, ""signal_entropy"": 2.2428}","{""target_epoch"": 38, ""neighbor_stages"": {""epoch_35"": ""REM"", ""epoch_36"": ""N2"", ""epoch_37"": ""Wake"", ""epoch_39"": ""N2"", ""epoch_40"": ""Wake"", ""epoch_41"": ""N2""}, ""dominant_neighbor_stage"": ""N2""}"
39,2,N2,2,N2,2,0.75,"Base score (N2) confirmed. Features: delta=1.966, spindle=0.234, eog=0.091, emg=0.192. Consistent with AASM N2 criteria.",False,,"{""epoch_id"": 39, ""delta_power"": 1.9663, ""theta_power"": 0.9669, ""alpha_power"": 0.3276, ""beta_power"": 0.2227, ""spindle_ratio"": 0.2341, ""eog_variance"": 0.0914, ""emg_variance"": 0.1917, ""signal_entropy"": 2.3396}","{""target_epoch"": 39, ""neighbor_stages"": {""epoch_36"": ""N2"", ""epoch_37"": ""Wake"", ""epoch_38"": ""N3"", ""epoch_40"": ""Wake"", ""epoch_41"": ""N2"", ""epoch_42"": ""Wake""}, ""dominant_neighbor_stage"": ""Wake""}"
40,0,Wake,0,Wake,0,0.75,"Base score (Wake) confirmed. Features: delta=0.386, spindle=0.067, eog=0.837, emg=2.193. Consistent with AASM Wake criteria.",False,,"{""epoch_id"": 40, ""delta_power"": 0.3864, ""theta_power"": 0.3615, ""alpha_power"": 2.4935, ""beta_power"": 1.444, ""spindle_ratio"": 0.0673, ""eog_variance"": 0.8374, ""emg_variance"": 2.1927, ""signal_entropy"": 3.7239}","{""target_epoch"": 40, ""neighbor_stages"": {""epoch_37"": ""Wake"", ""epoch_38"": ""N3"", ""epoch_39"": ""N2"", ""epoch_41"": ""N2"", ""epoch_42"": ""Wake"", ""epoch_43"": ""REM""}, ""dominant_neighbor_stage"": ""N2""}"
41,2,N2,2,N2,2,0.75,"Base score (N2) confirmed. Features: delta=1.962, spindle=0.227, eog=0.079, emg=0.181. Consistent with AASM N2 criteria.",False,,"{""epoch_id"": 41, ""delta_power"": 1.9616, ""theta_power"": 0.8567, ""alpha_power"": 0.2277, ""beta_power"": 0.2061, ""spindle_ratio"": 0.2273, ""eog_variance"": 0.0787, ""emg_variance"": 0.1806, ""signal_entropy"": 2.5837}","{""target_epoch"": 41, ""neighbor_stages"": {""epoch_38"": ""N3"", ""epoch_39"": ""N2"", ""epoch_40"": ""Wake"", ""epoch_42"": ""Wake"", ""epoch_43"": ""REM"", ""epoch_44"": ""N2""}, ""dominant_neighbor_stage"": ""N2""}"
42,0,Wake,0,Wake,0,0.75,"Base score (Wake) confirmed. Features: delta=0.626, spindle=0.052, eog=0.697, emg=1.843. Consistent with AASM Wake criteria.",False,,"{""epoch_id"": 42, ""delta_power"": 0.6265, ""theta_power"": 0.3397, ""alpha_power"": 1.9976, ""beta_power"": 1.833, ""spindle_ratio"": 0.0523, ""eog_variance"": 0.6966, ""emg_variance"": 1.8427, ""signal_entropy"": 3.6078}","{""target_epoch"": 42, ""neighbor_stages"": {""epoch_39"": ""N2"", ""epoch_40"": ""Wake"", ""epoch_41"": ""N2"", ""epoch_43"": ""REM"", ""epoch_44"": ""N2"", ""epoch_45"": ""N3""}, ""dominant_neighbor_stage"": ""N2""}"
43,4,REM,4,REM,4,0.75,"Base score (REM) confirmed. Features: delta=0.675, spindle=0.088, eog=1.930, emg=0.040. Consistent with AASM REM criteria.",False,,"{""epoch_id"": 43, ""delta_power"": 0.6755, ""theta_power"": 1.7486, ""alpha_power"": 0.3475, ""beta_power"": 0.2378, ""spindle_ratio"": 0.0878, ""eog_variance"": 1.9296, ""emg_variance"": 0.0395, ""signal_entropy"": 3.4126}","{""target_epoch"": 43, ""neighbor_stages"": {""epoch_40"": ""Wake"", ""epoch_41"": ""N2"", ""epoch_42"": ""Wake"", ""epoch_44"": ""N2"", ""epoch_45"": ""N3"", ""epoch_46"": ""N2""}, ""dominant_neighbor_stage"": ""N2""}"
44,2,N2,2,N2,2,0.75,"Base score (N2) confirmed. Features: delta=1.805, spindle=0.252, eog=0.087, emg=0.208. Consistent with AASM N2 criteria.",False,,"{""epoch_id"": 44, ""delta_power"": 1.8048, ""theta_power"": 0.9269, ""alpha_power"": 0.2733, ""beta_power"": 0.1741, ""spindle_ratio"": 0.2515, ""eog_variance"": 0.0875, ""emg_variance"": 0.2081, ""signal_entropy"": 2.79}","{""target_epoch"": 44, ""neighbor_stages"": {""epoch_41"": ""N2"", ""epoch_42"": ""Wake"", ""epoch_43"": ""REM"", ""epoch_45"": ""N3"", ""epoch_46"": ""N2"", ""epoch_47"": ""N2""}, ""dominant_neighbor_stage"": ""N2""}"
45,3,N3,3,N3,3,0.75,"Base score (N3) confirmed. Features: delta=7.713, spindle=0.065, eog=0.043, emg=0.102. Consistent with AASM N3 criteria.",False,,"{""epoch_id"": 45, ""delta_power"": 7.7133, ""theta_power"": 0.4319, ""alpha_power"": 0.0913, ""beta_power"": 0.0557, ""spindle_ratio"": 0.065, ""eog_variance"": 0.0427, ""emg_variance"": 0.1015, ""signal_entropy"": 2.3503}","{""target_epoch"": 45, ""neighbor_stages"": {""epoch_42"": ""Wake"", ""epoch_43"": ""REM"", ""epoch_44"": ""N2"", ""epoch_46"": ""N2"", ""epoch_47"": ""N2"", ""epoch_48"": ""N2""}, ""dominant_neighbor_stage"": ""N2""}"
46,2,N2,2,N2,2,0.75,"Base score (N2) confirmed. Features: delta=1.499, spindle=0.227, eog=0.073, emg=0.151. Consistent with AASM N2 criteria.",False,,"{""epoch_id"": 46, ""delta_power"": 1.4992, ""theta_power"": 1.0815, ""alpha_power"": 0.2702, ""beta_power"": 0.2171, ""spindle_ratio"": 0.2271, ""eog_variance"": 0.0729, ""emg_variance"": 0.1512, ""signal_entropy"": 2.8096}","{""target_epoch"": 46, ""neighbor_stages"": {""epoch_43"": ""REM"", ""epoch_44"": ""N2"", ""epoch_45"": ""N3"", ""epoch_47"": ""N2"", ""epoch_48"": ""N2"", ""epoch_49"": ""N1""}, ""dominant_neighbor_stage"": ""N2""}"
47,2,N2,2,N2,2,0.75,"Base score (N2) confirmed. Features: delta=2.078, spindle=0.248, eog=0.082, emg=0.180. Consistent with AASM N2 criteria.",False,,"{""epoch_id"": 47, ""delta_power"": 2.0779, ""theta_power"": 0.8644, ""alpha_power"": 0.3287, ""beta_power"": 0.1502, ""spindle_ratio"": 0.248, ""eog_variance"": 0.0818, ""emg_variance"": 0.1804, ""signal_entropy"": 2.8095}","{""target_epoch"": 47, ""neighbor_stages"": {""epoch_44"": ""N2"", ""epoch_45"": ""N3"", ""epoch_46"": ""N2"", ""epoch_48"": ""N2"", ""epoch_49"": ""N1"", ""epoch_50"": ""REM""}, ""dominant_neighbor_stage"": ""N2""}"
48,2,N2,2,N2,2,0.75,"Base score (N2) confirmed. Features: delta=1.742, spindle=0.275, eog=0.083, emg=0.216. Consistent with AASM N2 criteria.",False,,"{""epoch_id"": 48, ""delta_power"": 1.7419, ""theta_power"": 0.9423, ""alpha_power"": 0.3453, ""beta_power"": 0.1827, ""spindle_ratio"": 0.2751, ""eog_variance"": 0.0831, ""emg_variance"": 0.2159, ""signal_entropy"": 3.0883}","{""target_epoch"": 48, ""neighbor_stages"": {""epoch_45"": ""N3"", ""epoch_46"": ""N2"", ""epoch_47"": ""N2"", ""epoch_49"": ""N1"", ""epoch_50"": ""REM"", ""epoch_51"": ""N3""}, ""dominant_neighbor_stage"": ""N3""}"
49,1,N1,1,N1,1,0.75,"Base score (N1) confirmed. Features: delta=0.629, spindle=0.091, eog=0.273, emg=0.506. Consistent with AASM N1 criteria.",False,,"{""epoch_id"": 49, ""delta_power"": 0.6293, ""theta_power"": 1.7609, ""alpha_power"": 0.8692, ""beta_power"": 0.2909, ""spindle_ratio"": 0.0911, ""eog_variance"": 0.2728, ""emg_variance"": 0.5065, ""signal_entropy"": 3.1689}","{""target_epoch"": 49, ""neighbor_stages"": {""epoch_46"": ""N2"", ""epoch_47"": ""N2"", ""epoch_48"": ""N2"", ""epoch_50"": ""REM"", ""epoch_51"": ""N3"", ""epoch_52"": ""REM""}, ""dominant_neighbor_stage"": ""N2""}"
50,4,REM,4,REM,4,0.75,"Base score (REM) confirmed. Features: delta=0.940, spindle=0.045, eog=1.403, emg=0.053. Consistent with AASM REM criteria.",False,,"{""epoch_id"": 50, ""delta_power"": 0.9401, ""theta_power"": 1.8687, ""alpha_power"": 0.4203, ""beta_power"": 0.2815, ""spindle_ratio"": 0.0454, ""eog_variance"": 1.4027, ""emg_variance"": 0.053, ""signal_entropy"": 3.2158}","{""target_epoch"": 50, ""neighbor_stages"": {""epoch_47"": ""N2"", ""epoch_48"": ""N2"", ""epoch_49"": ""N1"", ""epoch_51"": ""N3"", ""epoch_52"": ""REM"", ""epoch_53"": ""REM""}, ""dominant_neighbor_stage"": ""N2""}"
51,3,N3,3,N3,3,0.75,"Base score (N3) confirmed. Features: delta=8.348, spindle=0.086, eog=0.047, emg=0.069. Consistent with AASM N3 criteria.",False,,"{""epoch_id"": 51, ""delta_power"": 8.3477, ""theta_power"": 0.6557, ""alpha_power"": 0.1131, ""beta_power"": 0.0476, ""spindle_ratio"": 0.086, ""eog_variance"": 0.0469, ""emg_variance"": 0.0694, ""signal_entropy"": 1.9984}","{""target_epoch"": 51, ""neighbor_stages"": {""epoch_48"": ""N2"", ""epoch_49"": ""N1"", ""epoch_50"": ""REM"", ""epoch_52"": ""REM"", ""epoch_53"": ""REM"", ""epoch_54"": ""N2""}, ""dominant_neighbor_stage"": ""REM""}"
52,4,REM,4,REM,4,0.75,"Base score (REM) confirmed. Features: delta=0.576, spindle=0.070, eog=1.451, emg=0.056. Consistent with AASM REM criteria.",False,,"{""epoch_id"": 52, ""delta_power"": 0.5755, ""theta_power"": 1.7051, ""alpha_power"": 0.4011, ""beta_power"": 0.3754, ""spindle_ratio"": 0.0698, ""eog_variance"": 1.4507, ""emg_variance"": 0.0562, ""signal_entropy"": 2.8578}","{""target_epoch"": 52, ""neighbor_stages"": {""epoch_49"": ""N1"", ""epoch_50"": ""REM"", ""epoch_51"": ""N3"", ""epoch_53"": ""REM"", ""epoch_54"": ""N2"", ""epoch_55"": ""REM""}, ""dominant_neighbor_stage"": ""REM""}"
53,4,REM,4,REM,4,0.75,"Base score (REM) confirmed. Features: delta=0.828, spindle=0.070, eog=1.407, emg=0.055. Consistent with AASM REM criteria.",False,,"{""epoch_id"": 53, ""delta_power"": 0.8283, ""theta_power"": 2.0081, ""alpha_power"": 0.3113, ""beta_power"": 0.3515, ""spindle_ratio"": 0.0702, ""eog_variance"": 1.4066, ""emg_variance"": 0.0547, ""signal_entropy"": 3.7541}","{""target_epoch"": 53, ""neighbor_stages"": {""epoch_50"": ""REM"", ""epoch_51"": ""N3"", ""epoch_52"": ""REM"", ""epoch_54"": ""N2"", ""epoch_55"": ""REM"", ""epoch_56"": ""Wake""}, ""dominant_neighbor_stage"": ""REM""}"
54,2,N2,2,N2,2,0.75,"Base score (N2) confirmed. Features: delta=2.055, spindle=0.275, eog=0.087, emg=0.202. Consistent with AASM N2 criteria.",False,,"{""epoch_id"": 54, ""delta_power"": 2.0546, ""theta_power"": 1.0372, ""alpha_power"": 0.2793, ""beta_power"": 0.1745, ""spindle_ratio"": 0.2749, ""eog_variance"": 0.0872, ""emg_variance"": 0.2021, ""signal_entropy"": 2.7045}","{""target_epoch"": 54, ""neighbor_stages"": {""epoch_51"": ""N3"", ""epoch_52"": ""REM"", ""epoch_53"": ""REM"", ""epoch_55"": ""REM"", ""epoch_56"": ""Wake"", ""epoch_57"": ""N1""}, ""dominant_neighbor_stage"": ""REM""}"
55,4,REM,4,REM,4,0.75,"Base score (REM) confirmed. Features: delta=0.858, spindle=0.052, eog=1.280, emg=0.047. Consistent with AASM REM criteria.",False,,"{""epoch_id"": 55, ""delta_power"": 0.8575, ""theta_power"": 1.8901, ""alpha_power"": 0.4623, ""beta_power"": 0.277, ""spindle_ratio"": 0.0519, ""eog_variance"": 1.2798, ""emg_variance"": 0.0467, ""signal_entropy"": 3.3755}","{""target_epoch"": 55, ""neighbor_stages"": {""epoch_52"": ""REM"", ""epoch_53"": ""REM"", ""epoch_54"": ""N2"", ""epoch_56"": ""Wake"", ""epoch_57"": ""N1"", ""epoch_58"": ""Wake""}, ""dominant_neighbor_stage"": ""Wake""}"
56,0,Wake,0,Wake,0,0.75,"Base score (Wake) confirmed. Features: delta=0.557, spindle=0.062, eog=1.025, emg=1.326. Consistent with AASM Wake criteria.",False,,"{""epoch_id"": 56, ""delta_power"": 0.5568, ""theta_power"": 0.2585, ""alpha_power"": 2.2609, ""beta_power"": 1.805, ""spindle_ratio"": 0.0624, ""eog_variance"": 1.0252, ""emg_variance"": 1.3259, ""signal_entropy"": 3.2511}","{""target_epoch"": 56, ""neighbor_stages"": {""epoch_53"": ""REM"", ""epoch_54"": ""N2"", ""epoch_55"": ""REM"", ""epoch_57"": ""N1"", ""epoch_58"": ""Wake"", ""epoch_59"": ""N2""}, ""dominant_neighbor_stage"": ""N2""}"
57,1,N1,1,N1,1,0.75,"Base score (N1) confirmed. Features: delta=0.733, spindle=0.088, eog=0.249, emg=0.683. Consistent with AASM N1 criteria.",False,,"{""epoch_id"": 57, ""delta_power"": 0.7332, ""theta_power"": 2.4488, ""alpha_power"": 0.8785, ""beta_power"": 0.2975, ""spindle_ratio"": 0.0884, ""eog_variance"": 0.2494, ""emg_variance"": 0.6834, ""signal_entropy"": 3.2258}","{""target_epoch"": 57, ""neighbor_stages"": {""epoch_54"": ""N2"", ""epoch_55"": ""REM"", ""epoch_56"": ""Wake"", ""epoch_58"": ""Wake"", ""epoch_59"": ""N2"", ""epoch_60"": ""N2""}, ""dominant_neighbor_stage"": ""N2""}"
58,0,Wake,0,Wake,0,0.75,"Base score (Wake) confirmed. Features: delta=0.508, spindle=0.026, eog=0.857, emg=1.923. Consistent with AASM Wake criteria.",False,,"{""epoch_id"": 58, ""delta_power"": 0.5082, ""theta_power"": 0.3327, ""alpha_power"": 2.1443, ""beta_power"": 1.5504, ""spindle_ratio"": 0.0263, ""eog_variance"": 0.8566, ""emg_variance"": 1.9235, ""signal_entropy"": 3.7691}","{""target_epoch"": 58, ""neighbor_stages"": {""epoch_55"": ""REM"", ""epoch_56"": ""Wake"", ""epoch_57"": ""N1"", ""epoch_59"": ""N2"", ""epoch_60"": ""N2"", ""epoch_61"": ""N2""}, ""dominant_neighbor_stage"": ""N2""}"
59,2,N2,2,N2,2,0.75,"Base score (N2) confirmed. Features: delta=2.478, spindle=0.252, eog=0.116, emg=0.149. Consistent with AASM N2 criteria.",False,,"{""epoch_id"": 59, ""delta_power"": 2.478, ""theta_power"": 0.9233, ""alpha_power"": 0.2555, ""beta_power"": 0.1962, ""spindle_ratio"": 0.2517, ""eog_variance"": 0.1164, ""emg_variance"": 0.1492, ""signal_entropy"": 3.1059}","{""target_epoch"": 59, ""neighbor_stages"": {""epoch_56"": ""Wake"", ""epoch_57"": ""N1"", ""epoch_58"": ""Wake"", ""epoch_60"": ""N2"", ""epoch_61"": ""N2"", ""epoch_62"": ""REM""}, ""dominant_neighbor_stage"": ""N2""}"
60,2,N2,2,N2,2,0.75,"Base score (N2) confirmed. Features: delta=1.953, spindle=0.275, eog=0.101, emg=0.161. Consistent with AASM N2 criteria.",False,,"{""epoch_id"": 60, ""delta_power"": 1.9526, ""theta_power"": 0.936, ""alpha_power"": 0.2545, ""beta_power"": 0.1504, ""spindle_ratio"": 0.2747, ""eog_variance"": 0.1011, ""emg_variance"": 0.1613, ""signal_entropy"": 2.541}","{""target_epoch"": 60, ""neighbor_stages"": {""epoch_57"": ""N1"", ""epoch_58"": ""Wake"", ""epoch_59"": ""N2"", ""epoch_61"": ""N2"", ""epoch_62"": ""REM"", ""epoch_63"": ""N2""}, ""dominant_neighbor_stage"": ""N2""}"
61,2,N2,2,N2,2,0.75,"Base score (N2) confirmed. Features: delta=1.899, spindle=0.243, eog=0.096, emg=0.119. Consistent with AASM N2 criteria.",False,,"{""epoch_id"": 61, ""delta_power"": 1.8993, ""theta_power"": 1.2504, ""alpha_power"": 0.2883, ""beta_power"": 0.1549, ""spindle_ratio"": 0.2426, ""eog_variance"": 0.0959, ""emg_variance"": 0.1191, ""signal_entropy"": 2.7891}","{""target_epoch"": 61, ""neighbor_stages"": {""epoch_58"": ""Wake"", ""epoch_59"": ""N2"", ""epoch_60"": ""N2"", ""epoch_62"": ""REM"", ""epoch_63"": ""N2"", ""epoch_64"": ""N2""}, ""dominant_neighbor_stage"": ""N2""}"
62,4,REM,4,REM,4,0.75,"Base score (REM) confirmed. Features: delta=0.772, spindle=0.052, eog=1.251, emg=0.069. Consistent with AASM REM criteria.",False,,"{""epoch_id"": 62, ""delta_power"": 0.7723, ""theta_power"": 1.988, ""alpha_power"": 0.5109, ""beta_power"": 0.3507, ""spindle_ratio"": 0.0519, ""eog_variance"": 1.251, ""emg_variance"": 0.0693, ""signal_entropy"": 3.3118}","{""target_epoch"": 62, ""neighbor_stages"": {""epoch_59"": ""N2"", ""epoch_60"": ""N2"", ""epoch_61"": ""N2"", ""epoch_63"": ""N2"", ""epoch_64"": ""N2"", ""epoch_65"": ""N2""}, ""dominant_neighbor_stage"": ""N2""}"
63,2,N2,2,N2,2,0.75,"Base score (N2) confirmed. Features: delta=2.004, spindle=0.233, eog=0.092, emg=0.199. Consistent with AASM N2 criteria.",False,,"{""epoch_id"": 63, ""delta_power"": 2.0042, ""theta_power"": 0.9964, ""alpha_power"": 0.3089, ""beta_power"": 0.1957, ""spindle_ratio"": 0.2328, ""eog_variance"": 0.0918, ""emg_variance"": 0.199, ""signal_entropy"": 2.6913}","{""target_epoch"": 63, ""neighbor_stages"": {""epoch_60"": ""N2"", ""epoch_61"": ""N2"", ""epoch_62"": ""REM"", ""epoch_64"": ""N2"", ""epoch_65"": ""N2"", ""epoch_66"": ""Wake""}, ""dominant_neighbor_stage"": ""N2""}"
64,2,N2,2,N2,2,0.75,"Base score (N2) confirmed. Features: delta=1.786, spindle=0.171, eog=0.116, emg=0.237. Consistent with AASM N2 criteria.",False,,"{""epoch_id"": 64, ""delta_power"": 1.7861, ""theta_power"": 1.016, ""alpha_power"": 0.2885, ""beta_power"": 0.2451, ""spindle_ratio"": 0.1705, ""eog_variance"": 0.1164, ""emg_variance"": 0.2374, ""signal_entropy"": 2.3853}","{""target_epoch"": 64, ""neighbor_stages"": {""epoch_61"": ""N2"", ""epoch_62"": ""REM"", ""epoch_63"": ""N2"", ""epoch_65"": ""N2"", ""epoch_66"": ""Wake"", ""epoch_67"": ""REM""}, ""dominant_neighbor_stage"": ""N2""}"
65,2,N2,2,N2,2,0.75,"Base score (N2) confirmed. Features: delta=1.897, spindle=0.217, eog=0.126, emg=0.228. Consistent with AASM N2 criteria.",False,,"{""epoch_id"": 65, ""delta_power"": 1.8972, ""theta_power"": 0.9443, ""alpha_power"": 0.2367, ""beta_power"": 0.1767, ""spindle_ratio"": 0.2167, ""eog_variance"": 0.1263, ""emg_variance"": 0.2281, ""signal_entropy"": 3.0543}","{""target_epoch"": 65, ""neighbor_stages"": {""epoch_62"": ""REM"", ""epoch_63"": ""N2"", ""epoch_64"": ""N2"", ""epoch_66"": ""Wake"", ""epoch_67"": ""REM"", ""epoch_68"": ""Wake""}, ""dominant_neighbor_stage"": ""Wake""}"
66,0,Wake,0,Wake,0,0.75,"Base score (Wake) confirmed. Features: delta=0.554, spindle=0.013, eog=0.886, emg=1.446. Consistent with AASM Wake criteria.",False,,"{""epoch_id"": 66, ""delta_power"": 0.5541, ""theta_power"": 0.2492, ""alpha_power"": 1.8426, ""beta_power"": 1.6101, ""spindle_ratio"": 0.0133, ""eog_variance"": 0.8856, ""emg_variance"": 1.4459, ""signal_entropy"": 3.425}","{""target_epoch"": 66, ""neighbor_stages"": {""epoch_63"": ""N2"", ""epoch_64"": ""N2"", ""epoch_65"": ""N2"", ""epoch_67"": ""REM"", ""epoch_68"": ""Wake"", ""epoch_69"": ""REM""}, ""dominant_neighbor_stage"": ""N2""}"
67,4,REM,4,REM,4,0.75,"Base score (REM) confirmed. Features: delta=0.885, spindle=0.028, eog=1.639, emg=0.054. Consistent with AASM REM criteria.",False,,"{""epoch_id"": 67, ""delta_power"": 0.8853, ""theta_power"": 1.92, ""alpha_power"": 0.3783, ""beta_power"": 0.3522, ""spindle_ratio"": 0.0276, ""eog_variance"": 1.6386, ""emg_variance"": 0.0544, ""signal_entropy"": 3.2381}","{""target_epoch"": 67, ""neighbor_stages"": {""epoch_64"": ""N2"", ""epoch_65"": ""N2"", ""epoch_66"": ""Wake"", ""epoch_68"": ""Wake"", ""epoch_69"": ""REM"", ""epoch_70"": ""N3""}, ""dominant_neighbor_stage"": ""N2""}"
68,0,Wake,0,Wake,0,0.75,"Base score (Wake) confirmed. Features: delta=0.524, spindle=0.034, eog=0.926, emg=1.341. Consistent with AASM Wake criteria.",False,,"{""epoch_id"": 68, ""delta_power"": 0.5245, ""theta_power"": 0.2437, ""alpha_power"": 2.2772, ""beta_power"": 1.4584, ""spindle_ratio"": 0.0343, ""eog_variance"": 0.9259, ""emg_variance"": 1.3415, ""signal_entropy"": 3.2183}","{""target_epoch"": 68, ""neighbor_stages"": {""epoch_65"": ""N2"", ""epoch_66"": ""Wake"", ""epoch_67"": ""REM"", ""epoch_69"": ""REM"", ""epoch_70"": ""N3"", ""epoch_71"": ""N1""}, ""dominant_neighbor_stage"": ""REM""}"
69,4,REM,4,REM,4,0.75,"Base score (REM) confirmed. Features: delta=0.613, spindle=0.000, eog=1.882, emg=0.052. Consistent with AASM REM criteria.",False,,"{""epoch_id"": 69, ""delta_power"": 0.6132, ""theta_power"": 1.9636, ""alpha_power"": 0.3232, ""beta_power"": 0.379, ""spindle_ratio"": 0.0, ""eog_variance"": 1.8817, ""emg_variance"": 0.0516, ""signal_entropy"": 3.2807}","{""target_epoch"": 69, ""neighbor_stages"": {""epoch_66"": ""Wake"", ""epoch_67"": ""REM"", ""epoch_68"": ""Wake"", ""epoch_70"": ""N3"", ""epoch_71"": ""N1"", ""epoch_72"": ""Wake""}, ""dominant_neighbor_stage"": ""Wake""}"
70,3,N3,3,N3,3,0.75,"Base score (N3) confirmed. Features: delta=7.346, spindle=0.053, eog=0.051, emg=0.095. Consistent with AASM N3 criteria.",False,,"{""epoch_id"": 70, ""delta_power"": 7.3461, ""theta_power"": 0.5299, ""alpha_power"": 0.0994, ""beta_power"": 0.0583, ""spindle_ratio"": 0.0534, ""eog_variance"": 0.0511, ""emg_variance"": 0.0945, ""signal_entropy"": 2.1886}","{""target_epoch"": 70, ""neighbor_stages"": {""epoch_67"": ""REM"", ""epoch_68"": ""Wake"", ""epoch_69"": ""REM"", ""epoch_71"": ""N1"", ""epoch_72"": ""Wake"", ""epoch_73"": ""REM""}, ""dominant_neighbor_stage"": ""REM""}"
71,1,N1,1,REM,4,0.7,compare_to_neighbors: epoch is surrounded by REM epochs. Features are ambiguous (max_power=1.487). Following neighbor context: N1→REM.,True,compare_to_neighbors: isolated outlier,"{""epoch_id"": 71, ""delta_power"": 1.0462, ""theta_power"": 1.4869, ""alpha_power"": 0.6382, ""beta_power"": 0.3334, ""spindle_ratio"": 0.0851, ""eog_variance"": 0.2917, ""emg_variance"": 0.5014, ""signal_entropy"": 3.2695}","{""target_epoch"": 71, ""neighbor_stages"": {""epoch_68"": ""Wake"", ""epoch_69"": ""REM"", ""epoch_70"": ""N3"", ""epoch_72"": ""Wake"", ""epoch_73"": ""REM"", ""epoch_74"": ""N3""}, ""dominant_neighbor_stage"": ""REM""}"
72,0,Wake,0,Wake,0,0.75,"Base score (Wake) confirmed. Features: delta=0.460, spindle=0.062, eog=0.596, emg=1.732. Consistent with AASM Wake criteria.",False,,"{""epoch_id"": 72, ""delta_power"": 0.4595, ""theta_power"": 0.265, ""alpha_power"": 2.0588, ""beta_power"": 1.2799, ""spindle_ratio"": 0.0622, ""eog_variance"": 0.5957, ""emg_variance"": 1.7316, ""signal_entropy"": 3.5945}","{""target_epoch"": 72, ""neighbor_stages"": {""epoch_69"": ""REM"", ""epoch_70"": ""N3"", ""epoch_71"": ""N1"", ""epoch_73"": ""REM"", ""epoch_74"": ""N3"", ""epoch_75"": ""N3""}, ""dominant_neighbor_stage"": ""N3""}"
73,4,REM,4,REM,4,0.75,"Base score (REM) confirmed. Features: delta=0.831, spindle=0.005, eog=1.212, emg=0.045. Consistent with AASM REM criteria.",False,,"{""epoch_id"": 73, ""delta_power"": 0.8307, ""theta_power"": 2.0653, ""alpha_power"": 0.4999, ""beta_power"": 0.3456, ""spindle_ratio"": 0.0048, ""eog_variance"": 1.2121, ""emg_variance"": 0.0453, ""signal_entropy"": 3.3052}","{""target_epoch"": 73, ""neighbor_stages"": {""epoch_70"": ""N3"", ""epoch_71"": ""N1"", ""epoch_72"": ""Wake"", ""epoch_74"": ""N3"", ""epoch_75"": ""N3"", ""epoch_76"": ""N3""}, ""dominant_neighbor_stage"": ""N3""}"
74,3,N3,3,N3,3,0.75,"Base score (N3) confirmed. Features: delta=8.621, spindle=0.032, eog=0.040, emg=0.086. Consistent with AASM N3 criteria.",False,,"{""epoch_id"": 74, ""delta_power"": 8.6212, ""theta_power"": 0.4456, ""alpha_power"": 0.1028, ""beta_power"": 0.0443, ""spindle_ratio"": 0.0317, ""eog_variance"": 0.0395, ""emg_variance"": 0.0862, ""signal_entropy"": 1.9297}","{""target_epoch"": 74, ""neighbor_stages"": {""epoch_71"": ""N1"", ""epoch_72"": ""Wake"", ""epoch_73"": ""REM"", ""epoch_75"": ""N3"", ""epoch_76"": ""N3"", ""epoch_77"": ""Wake""}, ""dominant_neighbor_stage"": ""N3""}"
75,3,N3,3,N3,3,0.75,"Base score (N3) confirmed. Features: delta=6.829, spindle=0.065, eog=0.051, emg=0.087. Consistent with AASM N3 criteria.",False,,"{""epoch_id"": 75, ""delta_power"": 6.829, ""theta_power"": 0.579, ""alpha_power"": 0.0858, ""beta_power"": 0.0697, ""spindle_ratio"": 0.0648, ""eog_variance"": 0.0514, ""emg_variance"": 0.0871, ""signal_entropy"": 2.3401}","{""target_epoch"": 75, ""neighbor_stages"": {""epoch_72"": ""Wake"", ""epoch_73"": ""REM"", ""epoch_74"": ""N3"", ""epoch_76"": ""N3"", ""epoch_77"": ""Wake"", ""epoch_78"": ""N2""}, ""dominant_neighbor_stage"": ""N3""}"
76,3,N3,3,N3,3,0.75,"Base score (N3) confirmed. Features: delta=7.309, spindle=0.085, eog=0.045, emg=0.100. Consistent with AASM N3 criteria.",False,,"{""epoch_id"": 76, ""delta_power"": 7.3092, ""theta_power"": 0.5092, ""alpha_power"": 0.1384, ""beta_power"": 0.0493, ""spindle_ratio"": 0.0845, ""eog_variance"": 0.0447, ""emg_variance"": 0.0995, ""signal_entropy"": 2.5542}","{""target_epoch"": 76, ""neighbor_stages"": {""epoch_73"": ""REM"", ""epoch_74"": ""N3"", ""epoch_75"": ""N3"", ""epoch_77"": ""Wake"", ""epoch_78"": ""N2"", ""epoch_79"": ""Wake""}, ""dominant_neighbor_stage"": ""Wake""}"
77,0,Wake,0,Wake,0,0.75,"Base score (Wake) confirmed. Features: delta=0.453, spindle=0.069, eog=0.917, emg=1.640. Consistent with AASM Wake criteria.",False,,"{""epoch_id"": 77, ""delta_power"": 0.453, ""theta_power"": 0.3816, ""alpha_power"": 2.2123, ""beta_power"": 1.3734, ""spindle_ratio"": 0.069, ""eog_variance"": 0.9167, ""emg_variance"": 1.6399, ""signal_entropy"": 3.186}","{""target_epoch"": 77, ""neighbor_stages"": {""epoch_74"": ""N3"", ""epoch_75"": ""N3"", ""epoch_76"": ""N3"", ""epoch_78"": ""N2"", ""epoch_79"": ""Wake"", ""epoch_80"": ""REM""}, ""dominant_neighbor_stage"": ""N3""}"
78,2,N2,2,N2,2,0.75,"Base score (N2) confirmed. Features: delta=1.782, spindle=0.255, eog=0.080, emg=0.211. Consistent with AASM N2 criteria.",False,,"{""epoch_id"": 78, ""delta_power"": 1.7819, ""theta_power"": 0.9629, ""alpha_power"": 0.2967, ""beta_power"": 0.2186, ""spindle_ratio"": 0.2553, ""eog_variance"": 0.08, ""emg_variance"": 0.2114, ""signal_entropy"": 2.9221}","{""target_epoch"": 78, ""neighbor_stages"": {""epoch_75"": ""N3"", ""epoch_76"": ""N3"", ""epoch_77"": ""Wake"", ""epoch_79"": ""Wake"", ""epoch_80"": ""REM"", ""epoch_81"": ""N2""}, ""dominant_neighbor_stage"": ""N3""}"
79,0,Wake,0,Wake,0,0.75,"Base score (Wake) confirmed. Features: delta=0.542, spindle=0.048, eog=0.601, emg=1.597. Consistent with AASM Wake criteria.",False,,"{""epoch_id"": 79, ""delta_power"": 0.542, ""theta_power"": 0.3486, ""alpha_power"": 2.2502, ""beta_power"": 1.6033, ""spindle_ratio"": 0.0479, ""eog_variance"": 0.6007, ""emg_variance"": 1.5967, ""signal_entropy"": 3.5415}","{""target_epoch"": 79, ""neighbor_stages"": {""epoch_76"": ""N3"", ""epoch_77"": ""Wake"", ""epoch_78"": ""N2"", ""epoch_80"": ""REM"", ""epoch_81"": ""N2"", ""epoch_82"": ""N2""}, ""dominant_neighbor_stage"": ""N2""}"
80,4,REM,4,N2,2,0.7,compare_to_neighbors: epoch is surrounded by N2 epochs. Features are ambiguous (max_power=1.455). Following neighbor context: REM→N2.,True,compare_to_neighbors: isolated outlier,"{""epoch_id"": 80, ""delta_power"": 0.8326, ""theta_power"": 1.4553, ""alpha_power"": 0.3351, ""beta_power"": 0.3474, ""spindle_ratio"": 0.0588, ""eog_variance"": 1.6533, ""emg_variance"": 0.0502, ""signal_entropy"": 3.306}","{""target_epoch"": 80, ""neighbor_stages"": {""epoch_77"": ""Wake"", ""epoch_78"": ""N2"", ""epoch_79"": ""Wake"", ""epoch_81"": ""N2"", ""epoch_82"": ""N2"", ""epoch_83"": ""Wake""}, ""dominant_neighbor_stage"": ""N2""}"
81,2,N2,2,N2,2,0.75,"Base score (N2) confirmed. Features: delta=2.281, spindle=0.237, eog=0.095, emg=0.207. Consistent with AASM N2 criteria.",False,,"{""epoch_id"": 81, ""delta_power"": 2.2815, ""theta_power"": 0.9226, ""alpha_power"": 0.3043, ""beta_power"": 0.1861, ""spindle_ratio"": 0.237, ""eog_variance"": 0.0954, ""emg_variance"": 0.2067, ""signal_entropy"": 2.7043}","{""target_epoch"": 81, ""neighbor_stages"": {""epoch_78"": ""N2"", ""epoch_79"": ""Wake"", ""epoch_80"": ""REM"", ""epoch_82"": ""N2"", ""epoch_83"": ""Wake"", ""epoch_84"": ""N2""}, ""dominant_neighbor_stage"": ""N2""}"
82,2,N2,2,N2,2,0.75,"Base score (N2) confirmed. Features: delta=2.377, spindle=0.293, eog=0.103, emg=0.231. Consistent with AASM N2 criteria.",False,,"{""epoch_id"": 82, ""delta_power"": 2.3767, ""theta_power"": 0.8658, ""alpha_power"": 0.2916, ""beta_power"": 0.1868, ""spindle_ratio"": 0.2934, ""eog_variance"": 0.1029, ""emg_variance"": 0.231, ""signal_entropy"": 2.5029}","{""target_epoch"": 82, ""neighbor_stages"": {""epoch_79"": ""Wake"", ""epoch_80"": ""REM"", ""epoch_81"": ""N2"", ""epoch_83"": ""Wake"", ""epoch_84"": ""N2"", ""epoch_85"": ""N2""}, ""dominant_neighbor_stage"": ""N2""}"
83,0,Wake,0,Wake,0,0.75,"Base score (Wake) confirmed. Features: delta=0.520, spindle=0.035, eog=0.969, emg=2.017. Consistent with AASM Wake criteria.",False,,"{""epoch_id"": 83, ""delta_power"": 0.52, ""theta_power"": 0.34, ""alpha_power"": 2.0247, ""beta_power"": 1.7397, ""spindle_ratio"": 0.0345, ""eog_variance"": 0.9691, ""emg_variance"": 2.0173, ""signal_entropy"": 3.4274}","{""target_epoch"": 83, ""neighbor_stages"": {""epoch_80"": ""REM"", ""epoch_81"": ""N2"", ""epoch_82"": ""N2"", ""epoch_84"": ""N2"", ""epoch_85"": ""N2"", ""epoch_86"": ""N3""}, ""dominant_neighbor_stage"": ""N2""}"
84,2,N2,2,N2,2,0.75,"Base score (N2) confirmed. Features: delta=1.866, spindle=0.237, eog=0.096, emg=0.160. Consistent with AASM N2 criteria.",False,,"{""epoch_id"": 84, ""delta_power"": 1.8663, ""theta_power"": 1.218, ""alpha_power"": 0.3711, ""beta_power"": 0.1843, ""spindle_ratio"": 0.2374, ""eog_variance"": 0.0958, ""emg_variance"": 0.1597, ""signal_entropy"": 2.6163}","{""target_epoch"": 84, ""neighbor_stages"": {""epoch_81"": ""N2"", ""epoch_82"": ""N2"", ""epoch_83"": ""Wake"", ""epoch_85"": ""N2"", ""epoch_86"": ""N3"", ""epoch_87"": ""N2""}, ""dominant_neighbor_stage"": ""N2""}"
85,2,N2,2,N2,2,0.75,"Base score (N2) confirmed. Features: delta=1.699, spindle=0.296, eog=0.085, emg=0.230. Consistent with AASM N2 criteria.",False,,"{""epoch_id"": 85, ""delta_power"": 1.6988, ""theta_power"": 0.8848, ""alpha_power"": 0.2984, ""beta_power"": 0.207, ""spindle_ratio"": 0.2965, ""eog_variance"": 0.085, ""emg_variance"": 0.2295, ""signal_entropy"": 2.7572}","{""target_epoch"": 85, ""neighbor_stages"": {""epoch_82"": ""N2"", ""epoch_83"": ""Wake"", ""epoch_84"": ""N2"", ""epoch_86"": ""N3"", ""epoch_87"": ""N2"", ""epoch_88"": ""REM""}, ""dominant_neighbor_stage"": ""N2""}"
86,3,N3,3,N3,3,0.75,"Base score (N3) confirmed. Features: delta=7.941, spindle=0.055, eog=0.054, emg=0.104. Consistent with AASM N3 criteria.",False,,"{""epoch_id"": 86, ""delta_power"": 7.9406, ""theta_power"": 0.5506, ""alpha_power"": 0.0832, ""beta_power"": 0.0529, ""spindle_ratio"": 0.055, ""eog_variance"": 0.0537, ""emg_variance"": 0.1043, ""signal_entropy"": 2.6911}","{""target_epoch"": 86, ""neighbor_stages"": {""epoch_83"": ""Wake"", ""epoch_84"": ""N2"", ""epoch_85"": ""N2"", ""epoch_87"": ""N2"", ""epoch_88"": ""REM"", ""epoch_89"": ""N2""}, ""dominant_neighbor_stage"": ""N2""}"
87,2,N2,2,N2,2,0.75,"Base score (N2) confirmed. Features: delta=1.809, spindle=0.231, eog=0.118, emg=0.243. Consistent with AASM N2 criteria.",False,,"{""epoch_id"": 87, ""delta_power"": 1.8087, ""theta_power"": 0.9204, ""alpha_power"": 0.272, ""beta_power"": 0.1833, ""spindle_ratio"": 0.2309, ""eog_variance"": 0.1178, ""emg_variance"": 0.2426, ""signal_entropy"": 2.6859}","{""target_epoch"": 87, ""neighbor_stages"": {""epoch_84"": ""N2"", ""epoch_85"": ""N2"", ""epoch_86"": ""N3"", ""epoch_88"": ""REM"", ""epoch_89"": ""N2"", ""epoch_90"": ""Wake""}, ""dominant_neighbor_stage"": ""N2""}"
88,4,REM,4,REM,4,0.75,"Base score (REM) confirmed. Features: delta=0.700, spindle=0.066, eog=1.159, emg=0.062. Consistent with AASM REM criteria.",False,,"{""epoch_id"": 88, ""delta_power"": 0.7001, ""theta_power"": 1.9273, ""alpha_power"": 0.3669, ""beta_power"": 0.3285, ""spindle_ratio"": 0.0661, ""eog_variance"": 1.159, ""emg_variance"": 0.0616, ""signal_entropy"": 3.6592}","{""target_epoch"": 88, ""neighbor_stages"": {""epoch_85"": ""N2"", ""epoch_86"": ""N3"", ""epoch_87"": ""N2"", ""epoch_89"": ""N2"", ""epoch_90"": ""Wake"", ""epoch_91"": ""N3""}, ""dominant_neighbor_stage"": ""N2""}"
89,2,N2,2,N2,2,0.75,"Base score (N2) confirmed. Features: delta=1.816, spindle=0.270, eog=0.130, emg=0.195. Consistent with AASM N2 criteria.",False,,"{""epoch_id"": 89, ""delta_power"": 1.8162, ""theta_power"": 0.9418, ""alpha_power"": 0.3129, ""beta_power"": 0.21, ""spindle_ratio"": 0.2698, ""eog_variance"": 0.1302, ""emg_variance"": 0.1947, ""signal_entropy"": 2.6403}","{""target_epoch"": 89, ""neighbor_stages"": {""epoch_86"": ""N3"", ""epoch_87"": ""N2"", ""epoch_88"": ""REM"", ""epoch_90"": ""Wake"", ""epoch_91"": ""N3"", ""epoch_92"": ""N3""}, ""dominant_neighbor_stage"": ""N3""}"
90,0,Wake,0,Wake,0,0.75,"Base score (Wake) confirmed. Features: delta=0.397, spindle=0.035, eog=0.827, emg=1.496. Consistent with AASM Wake criteria.",False,,"{""epoch_id"": 90, ""delta_power"": 0.3966, ""theta_power"": 0.2671, ""alpha_power"": 1.9901, ""beta_power"": 1.9038, ""spindle_ratio"": 0.0345, ""eog_variance"": 0.8269, ""emg_variance"": 1.4963, ""signal_entropy"": 3.7377}","{""target_epoch"": 90, ""neighbor_stages"": {""epoch_87"": ""N2"", ""epoch_88"": ""REM"", ""epoch_89"": ""N2"", ""epoch_91"": ""N3"", ""epoch_92"": ""N3"", ""epoch_93"": ""N2""}, ""dominant_neighbor_stage"": ""N2""}"
91,3,N3,3,N3,3,0.75,"Base score (N3) confirmed. Features: delta=11.032, spindle=0.070, eog=0.064, emg=0.109. Consistent with AASM N3 criteria.",False,,"{""epoch_id"": 91, ""delta_power"": 11.0323, ""theta_power"": 0.4602, ""alpha_power"": 0.0927, ""beta_power"": 0.0578, ""spindle_ratio"": 0.0705, ""eog_variance"": 0.0639, ""emg_variance"": 0.1088, ""signal_entropy"": 2.1281}","{""target_epoch"": 91, ""neighbor_stages"": {""epoch_88"": ""REM"", ""epoch_89"": ""N2"", ""epoch_90"": ""Wake"", ""epoch_92"": ""N3"", ""epoch_93"": ""N2"", ""epoch_94"": ""N3""}, ""dominant_neighbor_stage"": ""N3""}"
92,3,N3,3,N3,3,0.75,"Base score (N3) confirmed. Features: delta=8.709, spindle=0.082, eog=0.059, emg=0.121. Consistent with AASM N3 criteria.",False,,"{""epoch_id"": 92, ""delta_power"": 8.7088, ""theta_power"": 0.5832, ""alpha_power"": 0.1123, ""beta_power"": 0.0538, ""spindle_ratio"": 0.082, ""eog_variance"": 0.0588, ""emg_variance"": 0.1207, ""signal_entropy"": 2.3297}","{""target_epoch"": 92, ""neighbor_stages"": {""epoch_89"": ""N2"", ""epoch_90"": ""Wake"", ""epoch_91"": ""N3"", ""epoch_93"": ""N2"", ""epoch_94"": ""N3"", ""epoch_95"": ""N2""}, ""dominant_neighbor_stage"": ""N2""}"
93,2,N2,2,N2,2,0.75,"Base score (N2) confirmed. Features: delta=1.950, spindle=0.261, eog=0.094, emg=0.201. Consistent with AASM N2 criteria.",False,,"{""epoch_id"": 93, ""delta_power"": 1.9499, ""theta_power"": 1.022, ""alpha_power"": 0.3543, ""beta_power"": 0.1755, ""spindle_ratio"": 0.2611, ""eog_variance"": 0.0941, ""emg_variance"": 0.2009, ""signal_entropy"": 3.0557}","{""target_epoch"": 93, ""neighbor_stages"": {""epoch_90"": ""Wake"", ""epoch_91"": ""N3"", ""epoch_92"": ""N3"", ""epoch_94"": ""N3"", ""epoch_95"": ""N2"", ""epoch_96"": ""N2""}, ""dominant_neighbor_stage"": ""N3""}"
94,3,N3,3,N3,3,0.75,"Base score (N3) confirmed. Features: delta=8.229, spindle=0.069, eog=0.066, emg=0.095. Consistent with AASM N3 criteria.",False,,"{""epoch_id"": 94, ""delta_power"": 8.2293, ""theta_power"": 0.5035, ""alpha_power"": 0.0796, ""beta_power"": 0.0556, ""spindle_ratio"": 0.0694, ""eog_variance"": 0.0662, ""emg_variance"": 0.0954, ""signal_entropy"": 2.2438}","{""target_epoch"": 94, ""neighbor_stages"": {""epoch_91"": ""N3"", ""epoch_92"": ""N3"", ""epoch_93"": ""N2"", ""epoch_95"": ""N2"", ""epoch_96"": ""N2"", ""epoch_97"": ""N2""}, ""dominant_neighbor_stage"": ""N2""}"
95,2,N2,2,N2,2,0.75,"Base score (N2) confirmed. Features: delta=2.075, spindle=0.268, eog=0.103, emg=0.187. Consistent with AASM N2 criteria.",False,,"{""epoch_id"": 95, ""delta_power"": 2.0748, ""theta_power"": 1.2366, ""alpha_power"": 0.2957, ""beta_power"": 0.2084, ""spindle_ratio"": 0.2682, ""eog_variance"": 0.1028, ""emg_variance"": 0.1866, ""signal_entropy"": 2.8388}","{""target_epoch"": 95, ""neighbor_stages"": {""epoch_92"": ""N3"", ""epoch_93"": ""N2"", ""epoch_94"": ""N3"", ""epoch_96"": ""N2"", ""epoch_97"": ""N2"", ""epoch_98"": ""Wake""}, ""dominant_neighbor_stage"": ""N2""}"
96,2,N2,2,N2,2,0.75,"Base score (N2) confirmed. Features: delta=2.322, spindle=0.286, eog=0.077, emg=0.183. Consistent with AASM N2 criteria.",False,,"{""epoch_id"": 96, ""delta_power"": 2.3221, ""theta_power"": 0.846, ""alpha_power"": 0.306, ""beta_power"": 0.179, ""spindle_ratio"": 0.2859, ""eog_variance"": 0.0772, ""emg_variance"": 0.1832, ""signal_entropy"": 2.8754}","{""target_epoch"": 96, ""neighbor_stages"": {""epoch_93"": ""N2"", ""epoch_94"": ""N3"", ""epoch_95"": ""N2"", ""epoch_97"": ""N2"", ""epoch_98"": ""Wake"", ""epoch_99"": ""Wake""}, ""dominant_neighbor_stage"": ""N2""}"
97,2,N2,2,N2,2,0.75,"Base score (N2) confirmed. Features: delta=2.470, spindle=0.207, eog=0.067, emg=0.213. Consistent with AASM N2 criteria.",False,,"{""epoch_id"": 97, ""delta_power"": 2.4697, ""theta_power"": 0.9901, ""alpha_power"": 0.275, ""beta_power"": 0.2564, ""spindle_ratio"": 0.2066, ""eog_variance"": 0.067, ""emg_variance"": 0.2132, ""signal_entropy"": 2.6996}","{""target_epoch"": 97, ""neighbor_stages"": {""epoch_94"": ""N3"", ""epoch_95"": ""N2"", ""epoch_96"": ""N2"", ""epoch_98"": ""Wake"", ""epoch_99"": ""Wake"", ""epoch_100"": ""Wake""}, ""dominant_neighbor_stage"": ""Wake""}"
98,0,Wake,0,Wake,0,0.75,"Base score (Wake) confirmed. Features: delta=0.423, spindle=0.012, eog=0.905, emg=1.646. Consistent with AASM Wake criteria.",False,,"{""epoch_id"": 98, ""delta_power"": 0.4234, ""theta_power"": 0.3319, ""alpha_power"": 2.0731, ""beta_power"": 1.3731, ""spindle_ratio"": 0.0116, ""eog_variance"": 0.9047, ""emg_variance"": 1.6463, ""signal_entropy"": 3.4802}","{""target_epoch"": 98, ""neighbor_stages"": {""epoch_95"": ""N2"", ""epoch_96"": ""N2"", ""epoch_97"": ""N2"", ""epoch_99"": ""Wake"", ""epoch_100"": ""Wake"", ""epoch_101"": ""N2""}, ""dominant_neighbor_stage"": ""N2""}"
99,0,Wake,0,Wake,0,0.75,"Base score (Wake) confirmed. Features: delta=0.638, spindle=0.049, eog=0.829, emg=1.446. Consistent with AASM Wake criteria.",False,,"{""epoch_id"": 99, ""delta_power"": 0.6385, ""theta_power"": 0.2518, ""alpha_power"": 1.5423, ""beta_power"": 1.3443, ""spindle_ratio"": 0.0486, ""eog_variance"": 0.8292, ""emg_variance"": 1.4457, ""signal_entropy"": 3.5704}","{""target_epoch"": 99, ""neighbor_stages"": {""epoch_96"": ""N2"", ""epoch_97"": ""N2"", ""epoch_98"": ""Wake"", ""epoch_100"": ""Wake"", ""epoch_101"": ""N2"", ""epoch_102"": ""N2""}, ""dominant_neighbor_stage"": ""N2""}"
100,0,Wake,0,Wake,0,0.75,"Base score (Wake) confirmed. Features: delta=0.406, spindle=0.060, eog=0.855, emg=1.628. Consistent with AASM Wake criteria.",False,,"{""epoch_id"": 100, ""delta_power"": 0.4061, ""theta_power"": 0.365, ""alpha_power"": 1.9754, ""beta_power"": 1.7514, ""spindle_ratio"": 0.0603, ""eog_variance"": 0.8548, ""emg_variance"": 1.6282, ""signal_entropy"": 3.5895}","{""target_epoch"": 100, ""neighbor_stages"": {""epoch_97"": ""N2"", ""epoch_98"": ""Wake"", ""epoch_99"": ""Wake"", ""epoch_101"": ""N2"", ""epoch_102"": ""N2"", ""epoch_103"": ""N2""}, ""dominant_neighbor_stage"": ""N2""}"
101,2,N2,2,N2,2,0.75,"Base score (N2) confirmed. Features: delta=2.193, spindle=0.247, eog=0.122, emg=0.180. Consistent with AASM N2 criteria.",False,,"{""epoch_id"": 101, ""delta_power"": 2.1928, ""theta_power"": 1.1994, ""alpha_power"": 0.3088, ""beta_power"": 0.2213, ""spindle_ratio"": 0.2473, ""eog_variance"": 0.1216, ""emg_variance"": 0.1797, ""signal_entropy"": 3.1602}","{""target_epoch"": 101, ""neighbor_stages"": {""epoch_98"": ""Wake"", ""epoch_99"": ""Wake"", ""epoch_100"": ""Wake"", ""epoch_102"": ""N2"", ""epoch_103"": ""N2"", ""epoch_104"": ""REM""}, ""dominant_neighbor_stage"": ""Wake""}"
102,2,N2,2,N2,2,0.75,"Base score (N2) confirmed. Features: delta=1.988, spindle=0.275, eog=0.090, emg=0.187. Consistent with AASM N2 criteria.",False,,"{""epoch_id"": 102, ""delta_power"": 1.988, ""theta_power"": 0.7854, ""alpha_power"": 0.3058, ""beta_power"": 0.1796, ""spindle_ratio"": 0.2752, ""eog_variance"": 0.0902, ""emg_variance"": 0.1866, ""signal_entropy"": 2.4221}","{""target_epoch"": 102, ""neighbor_stages"": {""epoch_99"": ""Wake"", ""epoch_100"": ""Wake"", ""epoch_101"": ""N2"", ""epoch_103"": ""N2"", ""epoch_104"": ""REM"", ""epoch_105"": ""N2""}, ""dominant_neighbor_stage"": ""N2""}"
103,2,N2,2,N2,2,0.75,"Base score (N2) confirmed. Features: delta=1.864, spindle=0.274, eog=0.106, emg=0.171. Consistent with AASM N2 criteria.",False,,"{""epoch_id"": 103, ""delta_power"": 1.8643, ""theta_power"": 0.6364, ""alpha_power"": 0.2287, ""beta_power"": 0.2228, ""spindle_ratio"": 0.2736, ""eog_variance"": 0.1064, ""emg_variance"": 0.171, ""signal_entropy"": 2.7905}","{""target_epoch"": 103, ""neighbor_stages"": {""epoch_100"": ""Wake"", ""epoch_101"": ""N2"", ""epoch_102"": ""N2"", ""epoch_104"": ""REM"", ""epoch_105"": ""N2"", ""epoch_106"": ""N2""}, ""dominant_neighbor_stage"": ""N2""}"
104,4,REM,4,N2,2,0.7,compare_to_neighbors: epoch is surrounded by N2 epochs. Features are ambiguous (max_power=1.487). Following neighbor context: REM→N2.,True,compare_to_neighbors: isolated outlier,"{""epoch_id"": 104, ""delta_power"": 0.7996, ""theta_power"": 1.4872, ""alpha_power"": 0.4902, ""beta_power"": 0.3395, ""spindle_ratio"": 0.0534, ""eog_variance"": 1.506, ""emg_variance"": 0.0516, ""signal_entropy"": 2.8917}","{""target_epoch"": 104, ""neighbor_stages"": {""epoch_101"": ""N2"", ""epoch_102"": ""N2"", ""epoch_103"": ""N2"", ""epoch_105"": ""N2"", ""epoch_106"": ""N2"", ""epoch_107"": ""N3""}, ""dominant_neighbor_stage"": ""N2""}"
105,2,N2,2,N2,2,0.75,"Base score (N2) confirmed. Features: delta=1.926, spindle=0.304, eog=0.110, emg=0.183. Consistent with AASM N2 criteria.",False,,"{""epoch_id"": 105, ""delta_power"": 1.9258, ""theta_power"": 0.8977, ""alpha_power"": 0.2549, ""beta_power"": 0.1916, ""spindle_ratio"": 0.3039, ""eog_variance"": 0.1096, ""emg_variance"": 0.1829, ""signal_entropy"": 2.9145}","{""target_epoch"": 105, ""neighbor_stages"": {""epoch_102"": ""N2"", ""epoch_103"": ""N2"", ""epoch_104"": ""REM"", ""epoch_106"": ""N2"", ""epoch_107"": ""N3"", ""epoch_108"": ""N2""}, ""dominant_neighbor_stage"": ""N2""}"
106,2,N2,2,N2,2,0.75,"Base score (N2) confirmed. Features: delta=2.420, spindle=0.271, eog=0.106, emg=0.227. Consistent with AASM N2 criteria.",False,,"{""epoch_id"": 106, ""delta_power"": 2.4198, ""theta_power"": 1.1387, ""alpha_power"": 0.3027, ""beta_power"": 0.1806, ""spindle_ratio"": 0.2709, ""eog_variance"": 0.1059, ""emg_variance"": 0.2269, ""signal_entropy"": 2.927}","{""target_epoch"": 106, ""neighbor_stages"": {""epoch_103"": ""N2"", ""epoch_104"": ""REM"", ""epoch_105"": ""N2"", ""epoch_107"": ""N3"", ""epoch_108"": ""N2"", ""epoch_109"": ""Wake""}, ""dominant_neighbor_stage"": ""N2""}"
107,3,N3,3,N3,3,0.75,"Base score (N3) confirmed. Features: delta=9.259, spindle=0.112, eog=0.045, emg=0.126. Consistent with AASM N3 criteria.",False,,"{""epoch_id"": 107, ""delta_power"": 9.2595, ""theta_power"": 0.4599, ""alpha_power"": 0.1198, ""beta_power"": 0.0515, ""spindle_ratio"": 0.1123, ""eog_variance"": 0.0448, ""emg_variance"": 0.126, ""signal_entropy"": 2.2396}","{""target_epoch"": 107, ""neighbor_stages"": {""epoch_104"": ""REM"", ""epoch_105"": ""N2"", ""epoch_106"": ""N2"", ""epoch_108"": ""N2"", ""epoch_109"": ""Wake"", ""epoch_110"": ""N2""}, ""dominant_neighbor_stage"": ""N2""}"
108,2,N2,2,N2,2,0.75,"Base score (N2) confirmed. Features: delta=1.805, spindle=0.266, eog=0.091, emg=0.199. Consistent with AASM N2 criteria.",False,,"{""epoch_id"": 108, ""delta_power"": 1.8046, ""theta_power"": 0.9274, ""alpha_power"": 0.2856, ""beta_power"": 0.2127, ""spindle_ratio"": 0.2657, ""eog_variance"": 0.0914, ""emg_variance"": 0.1993, ""signal_entropy"": 3.2285}","{""target_epoch"": 108, ""neighbor_stages"": {""epoch_105"": ""N2"", ""epoch_106"": ""N2"", ""epoch_107"": ""N3"", ""epoch_109"": ""Wake"", ""epoch_110"": ""N2"", ""epoch_111"": ""N1""}, ""dominant_neighbor_stage"": ""N2""}"
109,0,Wake,0,Wake,0,0.75,"Base score (Wake) confirmed. Features: delta=0.630, spindle=0.068, eog=0.677, emg=1.442. Consistent with AASM Wake criteria.",False,,"{""epoch_id"": 109, ""delta_power"": 0.6296, ""theta_power"": 0.3196, ""alpha_power"": 2.0114, ""beta_power"": 1.527, ""spindle_ratio"": 0.0684, ""eog_variance"": 0.6773, ""emg_variance"": 1.4421, ""signal_entropy"": 3.1663}","{""target_epoch"": 109, ""neighbor_stages"": {""epoch_106"": ""N2"", ""epoch_107"": ""N3"", ""epoch_108"": ""N2"", ""epoch_110"": ""N2"", ""epoch_111"": ""N1"", ""epoch_112"": ""REM""}, ""dominant_neighbor_stage"": ""N2""}"
110,2,N2,2,N2,2,0.75,"Base score (N2) confirmed. Features: delta=2.120, spindle=0.213, eog=0.078, emg=0.207. Consistent with AASM N2 criteria.",False,,"{""epoch_id"": 110, ""delta_power"": 2.1198, ""theta_power"": 1.0971, ""alpha_power"": 0.2783, ""beta_power"": 0.2472, ""spindle_ratio"": 0.2132, ""eog_variance"": 0.078, ""emg_variance"": 0.2067, ""signal_entropy"": 3.0094}","{""target_epoch"": 110, ""neighbor_stages"": {""epoch_107"": ""N3"", ""epoch_108"": ""N2"", ""epoch_109"": ""Wake"", ""epoch_111"": ""N1"", ""epoch_112"": ""REM"", ""epoch_113"": ""REM""}, ""dominant_neighbor_stage"": ""REM""}"
111,1,N1,1,N1,1,0.75,"Base score (N1) confirmed. Features: delta=1.253, spindle=0.075, eog=0.340, emg=0.549. Consistent with AASM N1 criteria.",False,,"{""epoch_id"": 111, ""delta_power"": 1.2526, ""theta_power"": 1.8623, ""alpha_power"": 0.9294, ""beta_power"": 0.2983, ""spindle_ratio"": 0.0748, ""eog_variance"": 0.3398, ""emg_variance"": 0.5489, ""signal_entropy"": 2.8847}","{""target_epoch"": 111, ""neighbor_stages"": {""epoch_108"": ""N2"", ""epoch_109"": ""Wake"", ""epoch_110"": ""N2"", ""epoch_112"": ""REM"", ""epoch_113"": ""REM"", ""epoch_114"": ""N2""}, ""dominant_neighbor_stage"": ""N2""}"
112,4,REM,4,REM,4,0.75,"Base score (REM) confirmed. Features: delta=0.977, spindle=0.075, eog=1.559, emg=0.046. Consistent with AASM REM criteria.",False,,"{""epoch_id"": 112, ""delta_power"": 0.9772, ""theta_power"": 2.1726, ""alpha_power"": 0.3625, ""beta_power"": 0.3178, ""spindle_ratio"": 0.0748, ""eog_variance"": 1.5587, ""emg_variance"": 0.0459, ""signal_entropy"": 3.1657}","{""target_epoch"": 112, ""neighbor_stages"": {""epoch_109"": ""Wake"", ""epoch_110"": ""N2"", ""epoch_111"": ""N1"", ""epoch_113"": ""REM"", ""epoch_114"": ""N2"", ""epoch_115"": ""REM""}, ""dominant_neighbor_stage"": ""REM""}"
113,4,REM,4,REM,4,0.75,"Base score (REM) confirmed. Features: delta=0.797, spindle=0.083, eog=0.859, emg=0.059. Consistent with AASM REM criteria.",False,,"{""epoch_id"": 113, ""delta_power"": 0.7969, ""theta_power"": 2.1166, ""alpha_power"": 0.4326, ""beta_power"": 0.2833, ""spindle_ratio"": 0.0832, ""eog_variance"": 0.8591, ""emg_variance"": 0.0586, ""signal_entropy"": 2.9521}","{""target_epoch"": 113, ""neighbor_stages"": {""epoch_110"": ""N2"", ""epoch_111"": ""N1"", ""epoch_112"": ""REM"", ""epoch_114"": ""N2"", ""epoch_115"": ""REM"", ""epoch_116"": ""REM""}, ""dominant_neighbor_stage"": ""REM""}"
114,2,N2,2,N2,2,0.75,"Base score (N2) confirmed. Features: delta=1.891, spindle=0.236, eog=0.105, emg=0.199. Consistent with AASM N2 criteria.",False,,"{""epoch_id"": 114, ""delta_power"": 1.8913, ""theta_power"": 0.832, ""alpha_power"": 0.2417, ""beta_power"": 0.2348, ""spindle_ratio"": 0.236, ""eog_variance"": 0.1052, ""emg_variance"": 0.1986, ""signal_entropy"": 2.8954}","{""target_epoch"": 114, ""neighbor_stages"": {""epoch_111"": ""N1"", ""epoch_112"": ""REM"", ""epoch_113"": ""REM"", ""epoch_115"": ""REM"", ""epoch_116"": ""REM"", ""epoch_117"": ""N1""}, ""dominant_neighbor_stage"": ""REM""}"
115,4,REM,4,REM,4,0.75,"Base score (REM) confirmed. Features: delta=0.809, spindle=0.013, eog=1.404, emg=0.061. Consistent with AASM REM criteria.",False,,"{""epoch_id"": 115, ""delta_power"": 0.8092, ""theta_power"": 1.4536, ""alpha_power"": 0.4598, ""beta_power"": 0.2778, ""spindle_ratio"": 0.0133, ""eog_variance"": 1.4037, ""emg_variance"": 0.0613, ""signal_entropy"": 3.47}","{""target_epoch"": 115, ""neighbor_stages"": {""epoch_112"": ""REM"", ""epoch_113"": ""REM"", ""epoch_114"": ""N2"", ""epoch_116"": ""REM"", ""epoch_117"": ""N1"", ""epoch_118"": ""REM""}, ""dominant_neighbor_stage"": ""REM""}"
116,4,REM,4,REM,4,0.75,"Base score (REM) confirmed. Features: delta=0.758, spindle=0.071, eog=1.597, emg=0.058. Consistent with AASM REM criteria.",False,,"{""epoch_id"": 116, ""delta_power"": 0.7582, ""theta_power"": 1.7057, ""alpha_power"": 0.3807, ""beta_power"": 0.3935, ""spindle_ratio"": 0.0715, ""eog_variance"": 1.5968, ""emg_variance"": 0.0577, ""signal_entropy"": 3.3478}","{""target_epoch"": 116, ""neighbor_stages"": {""epoch_113"": ""REM"", ""epoch_114"": ""N2"", ""epoch_115"": ""REM"", ""epoch_117"": ""N1"", ""epoch_118"": ""REM"", ""epoch_119"": ""N2""}, ""dominant_neighbor_stage"": ""REM""}"
117,1,N1,1,N1,1,0.75,"Base score (N1) confirmed. Features: delta=0.961, spindle=0.102, eog=0.302, emg=0.555. Consistent with AASM N1 criteria.",False,,"{""epoch_id"": 117, ""delta_power"": 0.9611, ""theta_power"": 1.9411, ""alpha_power"": 0.7914, ""beta_power"": 0.2983, ""spindle_ratio"": 0.1018, ""eog_variance"": 0.3023, ""emg_variance"": 0.5549, ""signal_entropy"": 3.1839}","{""target_epoch"": 117, ""neighbor_stages"": {""epoch_114"": ""N2"", ""epoch_115"": ""REM"", ""epoch_116"": ""REM"", ""epoch_118"": ""REM"", ""epoch_119"": ""N2"", ""epoch_120"": ""REM""}, ""dominant_neighbor_stage"": ""REM""}"
118,4,REM,4,REM,4,0.75,"Base score (REM) confirmed. Features: delta=0.809, spindle=0.090, eog=0.848, emg=0.066. Consistent with AASM REM criteria.",False,,"{""epoch_id"": 118, ""delta_power"": 0.8094, ""theta_power"": 1.2605, ""alpha_power"": 0.455, ""beta_power"": 0.3156, ""spindle_ratio"": 0.0899, ""eog_variance"": 0.8483, ""emg_variance"": 0.0657, ""signal_entropy"": 3.2721}","{""target_epoch"": 118, ""neighbor_stages"": {""epoch_115"": ""REM"", ""epoch_116"": ""REM"", ""epoch_117"": ""N1"", ""epoch_119"": ""N2"", ""epoch_120"": ""REM"", ""epoch_121"": ""REM""}, ""dominant_neighbor_stage"": ""REM""}"
119,2,N2,2,N2,2,0.75,"Base score (N2) confirmed. Features: delta=2.333, spindle=0.231, eog=0.129, emg=0.194. Consistent with AASM N2 criteria.",False,,"{""epoch_id"": 119, ""delta_power"": 2.3325, ""theta_power"": 0.844, ""alpha_power"": 0.3276, ""beta_power"": 0.1684, ""spindle_ratio"": 0.2313, ""eog_variance"": 0.1287, ""emg_variance"": 0.1943, ""signal_entropy"": 2.8435}","{""target_epoch"": 119, ""neighbor_stages"": {""epoch_116"": ""REM"", ""epoch_117"": ""N1"", ""epoch_118"": ""REM"", ""epoch_120"": ""REM"", ""epoch_121"": ""REM"", ""epoch_122"": ""N2""}, ""dominant_neighbor_stage"": ""REM""}"
